solid OpenSCAD_Model
  facet normal 0 0 -1
    outer loop
      vertex 9.56708 -23.097 0
      vertex 0 23.5 0
      vertex 10.6889 -22.5997 0
    endloop
  endfacet
  facet normal 0 0 -1
    outer loop
      vertex 8.42224 -23.5386 0
      vertex 0 23.5 0
      vertex 9.56708 -23.097 0
    endloop
  endfacet
  facet normal 0 0 -1
    outer loop
      vertex 6.07449 -24.2508 0
      vertex 0 23.5 0
      vertex 7.25711 -23.9235 0
    endloop
  endfacet
  facet normal -0 0 -1
    outer loop
      vertex 8.42224 -23.5386 0
      vertex 7.25711 -23.9235 0
      vertex 0 23.5 0
    endloop
  endfacet
  facet normal 0 0 -1
    outer loop
      vertex 0 23.5 0
      vertex 13.8893 -20.7867 0
      vertex 12.8526 -21.4432 0
    endloop
  endfacet
  facet normal 0 0 -1
    outer loop
      vertex 11.7849 -22.048 0
      vertex 0 23.5 0
      vertex 12.8526 -21.4432 0
    endloop
  endfacet
  facet normal -0 0 -1
    outer loop
      vertex 11.7849 -22.048 0
      vertex 10.6889 -22.5997 0
      vertex 0 23.5 0
    endloop
  endfacet
  facet normal -0 0 -1
    outer loop
      vertex 18.5238 -16.789 0
      vertex 17.6777 -17.6777 0
      vertex 0 23.5 0
    endloop
  endfacet
  facet normal 0 0 -1
    outer loop
      vertex 0 23.5 0
      vertex 14.8925 -20.0802 0
      vertex 13.8893 -20.7867 0
    endloop
  endfacet
  facet normal 0 0 -1
    outer loop
      vertex 14.8925 -20.0802 0
      vertex 0 23.5 0
      vertex 15.8598 -19.3253 0
    endloop
  endfacet
  facet normal 0 0 -1
    outer loop
      vertex 15.8598 -19.3253 0
      vertex 0 23.5 0
      vertex 16.789 -18.5238 0
    endloop
  endfacet
  facet normal 0 0 -1
    outer loop
      vertex 21.4432 -12.8526 0
      vertex 0.147202 23.5036 0
      vertex 22.048 -11.7849 0
    endloop
  endfacet
  facet normal -0 0 -1
    outer loop
      vertex 20.7867 -13.8893 0
      vertex 20.0802 -14.8925 0
      vertex 0.147202 23.5036 0
    endloop
  endfacet
  facet normal 0 0 -1
    outer loop
      vertex 0 23.5 0
      vertex 17.6777 -17.6777 0
      vertex 16.789 -18.5238 0
    endloop
  endfacet
  facet normal 0 0 -1
    outer loop
      vertex 23.9235 -7.25711 0
      vertex 0.147202 23.5036 0
      vertex 24.2508 -6.07449 0
    endloop
  endfacet
  facet normal 0 0 -1
    outer loop
      vertex 0.147202 23.5036 0
      vertex 19.3253 -15.8598 0
      vertex 18.5238 -16.789 0
    endloop
  endfacet
  facet normal 0 0 -1
    outer loop
      vertex 20.7867 -13.8893 0
      vertex 0.147202 23.5036 0
      vertex 21.4432 -12.8526 0
    endloop
  endfacet
  facet normal -0 0 -1
    outer loop
      vertex 23.097 -9.56708 0
      vertex 22.5997 -10.6889 0
      vertex 0.147202 23.5036 0
    endloop
  endfacet
  facet normal 0 0 -1
    outer loop
      vertex 24.7294 -3.66826 0
      vertex 0.147202 23.5036 0
      vertex 24.8796 -2.45042 0
    endloop
  endfacet
  facet normal -0 -0 -1
    outer loop
      vertex 23.9235 7.25711 0
      vertex 24.2508 6.07449 0
      vertex 0.147202 23.5036 0
    endloop
  endfacet
  facet normal 0 0 -1
    outer loop
      vertex 23.5386 -8.42224 0
      vertex 0.147202 23.5036 0
      vertex 23.9235 -7.25711 0
    endloop
  endfacet
  facet normal -0 0 -1
    outer loop
      vertex 23.5386 -8.42224 0
      vertex 23.097 -9.56708 0
      vertex 0.147202 23.5036 0
    endloop
  endfacet
  facet normal 0 0 -1
    outer loop
      vertex 0.147202 23.5036 0
      vertex 24.9699 1.22668 0
      vertex 25 0 0
    endloop
  endfacet
  facet normal 0 0 -1
    outer loop
      vertex 24.5196 -4.87724 0
      vertex 0.147202 23.5036 0
      vertex 24.7294 -3.66826 0
    endloop
  endfacet
  facet normal -0 0 -1
    outer loop
      vertex 24.5196 -4.87724 0
      vertex 24.2508 -6.07449 0
      vertex 0.147202 23.5036 0
    endloop
  endfacet
  facet normal 0 0 -1
    outer loop
      vertex 0.147202 23.5036 0
      vertex 24.2508 6.07449 0
      vertex 24.5196 4.87724 0
    endloop
  endfacet
  facet normal 0 0 -1
    outer loop
      vertex 24.9699 1.22668 0
      vertex 0.147202 23.5036 0
      vertex 24.8796 2.45042 0
    endloop
  endfacet
  facet normal -0 -0 -1
    outer loop
      vertex 22.048 11.7849 0
      vertex 22.5997 10.6889 0
      vertex 0.294037 23.5144 0
    endloop
  endfacet
  facet normal -0 -0 -1
    outer loop
      vertex 24.5196 4.87724 0
      vertex 24.7294 3.66826 0
      vertex 0.147202 23.5036 0
    endloop
  endfacet
  facet normal 0 0 -1
    outer loop
      vertex 20.0802 14.8925 0
      vertex 0.294037 23.5144 0
      vertex 19.3253 15.8598 0
    endloop
  endfacet
  facet normal 0 0 -1
    outer loop
      vertex 24.8796 2.45042 0
      vertex 0.147202 23.5036 0
      vertex 24.7294 3.66826 0
    endloop
  endfacet
  facet normal 0 0 -1
    outer loop
      vertex 23.9235 7.25711 0
      vertex 0.147202 23.5036 0
      vertex 0.294037 23.5144 0
    endloop
  endfacet
  facet normal 0 0 -1
    outer loop
      vertex 0.147202 23.5036 0
      vertex 25 0 0
      vertex 24.9699 -1.22668 0
    endloop
  endfacet
  facet normal -0 -0 -1
    outer loop
      vertex 18.5238 16.789 0
      vertex 19.3253 15.8598 0
      vertex 0.294037 23.5144 0
    endloop
  endfacet
  facet normal -0 -0 -1
    outer loop
      vertex 22.5997 10.6889 0
      vertex 23.097 9.56708 0
      vertex 0.294037 23.5144 0
    endloop
  endfacet
  facet normal 0 0 -1
    outer loop
      vertex 0.294037 23.5144 0
      vertex 23.097 9.56708 0
      vertex 23.5386 8.42224 0
    endloop
  endfacet
  facet normal -0 0 -1
    outer loop
      vertex 22.5997 -10.6889 0
      vertex 22.048 -11.7849 0
      vertex 0.147202 23.5036 0
    endloop
  endfacet
  facet normal -0 -0 -1
    outer loop
      vertex 20.7867 13.8893 0
      vertex 21.4432 12.8526 0
      vertex 0.294037 23.5144 0
    endloop
  endfacet
  facet normal 0 0 -1
    outer loop
      vertex 0.294037 23.5144 0
      vertex 21.4432 12.8526 0
      vertex 22.048 11.7849 0
    endloop
  endfacet
  facet normal 0 0 -1
    outer loop
      vertex 0.440186 23.5325 0
      vertex 15.8598 19.3253 0
      vertex 16.789 18.5238 0
    endloop
  endfacet
  facet normal 0 0 -1
    outer loop
      vertex 18.5238 16.789 0
      vertex 0.294037 23.5144 0
      vertex 0.440186 23.5325 0
    endloop
  endfacet
  facet normal 0 0 -1
    outer loop
      vertex 0.147202 23.5036 0
      vertex 20.0802 -14.8925 0
      vertex 19.3253 -15.8598 0
    endloop
  endfacet
  facet normal 0 0 -1
    outer loop
      vertex 0.440186 23.5325 0
      vertex 17.6777 17.6777 0
      vertex 18.5238 16.789 0
    endloop
  endfacet
  facet normal 0 0 -1
    outer loop
      vertex 9.56708 23.097 0
      vertex 0.728928 23.5899 0
      vertex 0.87085 23.6292 0
    endloop
  endfacet
  facet normal 0 0 -1
    outer loop
      vertex 0.585266 23.5576 0
      vertex 11.7849 22.048 0
      vertex 12.8526 21.4432 0
    endloop
  endfacet
  facet normal 0 0 -1
    outer loop
      vertex 0.440186 23.5325 0
      vertex 14.8925 20.0802 0
      vertex 15.8598 19.3253 0
    endloop
  endfacet
  facet normal 0 0 -1
    outer loop
      vertex 0.87085 23.6292 0
      vertex 8.42224 23.5386 0
      vertex 9.56708 23.097 0
    endloop
  endfacet
  facet normal 0 0 -1
    outer loop
      vertex 0.585266 23.5576 0
      vertex 12.8526 21.4432 0
      vertex 13.8893 20.7867 0
    endloop
  endfacet
  facet normal -0 -0 -1
    outer loop
      vertex 10.6889 22.5997 0
      vertex 11.7849 22.048 0
      vertex 0.728928 23.5899 0
    endloop
  endfacet
  facet normal 0 0 -1
    outer loop
      vertex 1.01067 23.6754 0
      vertex 7.25711 23.9235 0
      vertex 8.42224 23.5386 0
    endloop
  endfacet
  facet normal 0 0 -1
    outer loop
      vertex 14.8925 20.0802 0
      vertex 0.440186 23.5325 0
      vertex 0.585266 23.5576 0
    endloop
  endfacet
  facet normal 0 0 -1
    outer loop
      vertex 4.87724 -24.5196 0
      vertex 0 23.5 0
      vertex 6.07449 -24.2508 0
    endloop
  endfacet
  facet normal 0 -0 -1
    outer loop
      vertex 1.5423 23.9268 0
      vertex 6.77263 24.0576 0
      vertex 1.41418 23.8542 0
    endloop
  endfacet
  facet normal 0 -0 -1
    outer loop
      vertex 1.14804 23.7283 0
      vertex 6.77263 24.0576 0
      vertex 1.01067 23.6754 0
    endloop
  endfacet
  facet normal -0 0 -1
    outer loop
      vertex 4.87724 -24.5196 0
      vertex 3.66826 -24.7294 0
      vertex 0 23.5 0
    endloop
  endfacet
  facet normal 0 0 -1
    outer loop
      vertex 0 23.5 0
      vertex 3.66826 -24.7294 0
      vertex 2.45042 -24.8796 0
    endloop
  endfacet
  facet normal 0 -0 -1
    outer loop
      vertex 1.78709 24.0904 0
      vertex 6.77263 24.0576 0
      vertex 1.6667 24.0056 0
    endloop
  endfacet
  facet normal 0 0 -1
    outer loop
      vertex -10.6889 22.5997 0
      vertex -9.56708 23.097 0
      vertex -0.728928 23.5899 0
    endloop
  endfacet
  facet normal 0 0 -1
    outer loop
      vertex 2.22284 28.5147 0
      vertex 5.33484 31.3352 0
      vertex 2.31903 28.4032 0
    endloop
  endfacet
  facet normal 0 0 -1
    outer loop
      vertex 2.4944 28.1667 0
      vertex 2.40962 28.2871 0
      vertex 5.98657 30.5001 0
    endloop
  endfacet
  facet normal 0 0 -1
    outer loop
      vertex 2.31903 28.4032 0
      vertex 5.33484 31.3352 0
      vertex 5.56567 31.0676 0
    endloop
  endfacet
  facet normal 0 0 -1
    outer loop
      vertex 2.40962 28.2871 0
      vertex 5.56567 31.0676 0
      vertex 5.78308 30.789 0
    endloop
  endfacet
  facet normal 0 0 -1
    outer loop
      vertex 2.12131 28.6213 0
      vertex 2.01466 28.7228 0
      vertex 5.09116 31.5912 0
    endloop
  endfacet
  facet normal 0 0 -1
    outer loop
      vertex 2.01466 28.7228 0
      vertex 1.90317 28.819 0
      vertex 4.83522 31.8348 0
    endloop
  endfacet
  facet normal 0 0 -1
    outer loop
      vertex 1.90317 28.819 0
      vertex 1.78709 28.9096 0
      vertex 4.56763 32.0657 0
    endloop
  endfacet
  facet normal 0 0 -1
    outer loop
      vertex 1.6667 28.9944 0
      vertex 4.00009 32.4866 0
      vertex 1.78709 28.9096 0
    endloop
  endfacet
  facet normal 0 0 -1
    outer loop
      vertex 1.78709 28.9096 0
      vertex 4.00009 32.4866 0
      vertex 4.28903 32.2831 0
    endloop
  endfacet
  facet normal 0 0 -1
    outer loop
      vertex 1.5423 29.0732 0
      vertex 3.39404 32.8498 0
      vertex 3.70154 32.6756 0
    endloop
  endfacet
  facet normal 0 0 -1
    outer loop
      vertex 1.28265 29.212 0
      vertex 3.07838 33.0087 0
      vertex 3.39404 32.8498 0
    endloop
  endfacet
  facet normal 0 0 -1
    outer loop
      vertex 1.41418 29.1458 0
      vertex 1.28265 29.212 0
      vertex 3.39404 32.8498 0
    endloop
  endfacet
  facet normal 0 0 -1
    outer loop
      vertex 1.01067 29.3246 0
      vertex 2.4256 33.2791 0
      vertex 2.75531 33.1519 0
    endloop
  endfacet
  facet normal 0 0 -1
    outer loop
      vertex 0.87085 29.3708 0
      vertex 2.09004 33.39 0
      vertex 2.4256 33.2791 0
    endloop
  endfacet
  facet normal 0 0 -1
    outer loop
      vertex 0.728928 29.4101 0
      vertex 1.74945 33.4842 0
      vertex 0.87085 29.3708 0
    endloop
  endfacet
  facet normal 0 0 -1
    outer loop
      vertex 1.14804 29.2716 0
      vertex 1.01067 29.3246 0
      vertex 2.75531 33.1519 0
    endloop
  endfacet
  facet normal 0 0 -1
    outer loop
      vertex 0.440186 29.4675 0
      vertex 1.05646 33.6221 0
      vertex 1.40465 33.5616 0
    endloop
  endfacet
  facet normal 0 0 -1
    outer loop
      vertex 0.147202 29.4964 0
      vertex 0.353287 33.6913 0
      vertex 0.294037 29.4855 0
    endloop
  endfacet
  facet normal 0 0 -1
    outer loop
      vertex 0.585266 29.4424 0
      vertex 0.440186 29.4675 0
      vertex 1.40465 33.5616 0
    endloop
  endfacet
  facet normal 0 0 -1
    outer loop
      vertex -0.147202 29.4964 0
      vertex -0.353287 33.6913 0
      vertex 0 29.5 0
    endloop
  endfacet
  facet normal 0 0 -1
    outer loop
      vertex 0 29.5 0
      vertex -0.353287 33.6913 0
      vertex 0 33.7 0
    endloop
  endfacet
  facet normal -0 0 -1
    outer loop
      vertex -0.294037 29.4855 0
      vertex -0.440186 29.4675 0
      vertex -0.705719 33.6653 0
    endloop
  endfacet
  facet normal 0 0 -1
    outer loop
      vertex -0.585266 29.4424 0
      vertex -1.40465 33.5616 0
      vertex -0.440186 29.4675 0
    endloop
  endfacet
  facet normal 0 0 -1
    outer loop
      vertex -1.01067 29.3246 0
      vertex -2.75531 33.1519 0
      vertex -2.4256 33.2791 0
    endloop
  endfacet
  facet normal 0 0 -1
    outer loop
      vertex -0.728928 29.4101 0
      vertex -1.74945 33.4842 0
      vertex -0.585266 29.4424 0
    endloop
  endfacet
  facet normal 0 0 -1
    outer loop
      vertex -0.440186 29.4675 0
      vertex -1.40465 33.5616 0
      vertex -1.05646 33.6221 0
    endloop
  endfacet
  facet normal 0 0 -1
    outer loop
      vertex -1.28265 29.212 0
      vertex -3.07838 33.0087 0
      vertex -1.14804 29.2716 0
    endloop
  endfacet
  facet normal 0 0 -1
    outer loop
      vertex -1.14804 29.2716 0
      vertex -3.07838 33.0087 0
      vertex -2.75531 33.1519 0
    endloop
  endfacet
  facet normal 0 0 -1
    outer loop
      vertex -1.6667 28.9944 0
      vertex -4.00009 32.4866 0
      vertex -1.5423 29.0732 0
    endloop
  endfacet
  facet normal 0 0 -1
    outer loop
      vertex -1.78709 28.9096 0
      vertex -4.28903 32.2831 0
      vertex -4.00009 32.4866 0
    endloop
  endfacet
  facet normal 0 0 -1
    outer loop
      vertex -1.90317 28.819 0
      vertex -4.56763 32.0657 0
      vertex -1.78709 28.9096 0
    endloop
  endfacet
  facet normal 0 0 -1
    outer loop
      vertex -2.01466 28.7228 0
      vertex -4.83522 31.8348 0
      vertex -1.90317 28.819 0
    endloop
  endfacet
  facet normal 0 0 -1
    outer loop
      vertex -2.12131 28.6213 0
      vertex -5.09116 31.5912 0
      vertex -2.01466 28.7228 0
    endloop
  endfacet
  facet normal 0 0 -1
    outer loop
      vertex -2.22284 28.5147 0
      vertex -5.33484 31.3352 0
      vertex -5.09116 31.5912 0
    endloop
  endfacet
  facet normal 0 0 -1
    outer loop
      vertex -2.31903 28.4032 0
      vertex -5.56567 31.0676 0
      vertex -5.33484 31.3352 0
    endloop
  endfacet
  facet normal 0 0 -1
    outer loop
      vertex -2.40962 28.2871 0
      vertex -5.78308 30.789 0
      vertex -5.56567 31.0676 0
    endloop
  endfacet
  facet normal 0 0 -1
    outer loop
      vertex -2.4944 28.1667 0
      vertex -5.98657 30.5001 0
      vertex -2.40962 28.2871 0
    endloop
  endfacet
  facet normal 0 0 -1
    outer loop
      vertex -2.57318 28.0423 0
      vertex -6.17564 30.2015 0
      vertex -5.98657 30.5001 0
    endloop
  endfacet
  facet normal 0 0 -1
    outer loop
      vertex -2.64575 27.9142 0
      vertex -6.34982 29.894 0
      vertex -2.57318 28.0423 0
    endloop
  endfacet
  facet normal 0 0 -1
    outer loop
      vertex -2.71196 27.7827 0
      vertex -6.50871 29.5784 0
      vertex -6.34982 29.894 0
    endloop
  endfacet
  facet normal 0 0 -1
    outer loop
      vertex -2.77164 27.648 0
      vertex -6.65193 29.2553 0
      vertex -6.50871 29.5784 0
    endloop
  endfacet
  facet normal 0 0 -1
    outer loop
      vertex -2.87082 27.3708 0
      vertex -6.88997 28.59 0
      vertex -6.77911 28.9256 0
    endloop
  endfacet
  facet normal 0 0 -1
    outer loop
      vertex -2.82463 27.5107 0
      vertex -6.77911 28.9256 0
      vertex -6.65193 29.2553 0
    endloop
  endfacet
  facet normal 0 0 -1
    outer loop
      vertex -2.94235 27.0853 0
      vertex -7.06165 27.9046 0
      vertex -6.98422 28.2495 0
    endloop
  endfacet
  facet normal 0 0 -1
    outer loop
      vertex -2.96753 26.9402 0
      vertex -7.12207 27.5565 0
      vertex -7.06165 27.9046 0
    endloop
  endfacet
  facet normal 0 0 -1
    outer loop
      vertex -2.99638 26.6472 0
      vertex -7.19131 26.8533 0
      vertex -2.98555 26.794 0
    endloop
  endfacet
  facet normal 0 0 -1
    outer loop
      vertex -3 26.5 0
      vertex -7.2 26.5 0
      vertex -7.19131 26.8533 0
    endloop
  endfacet
  facet normal -0 0 -1
    outer loop
      vertex -2.99638 26.3528 0
      vertex -7.19131 26.1467 0
      vertex -3 26.5 0
    endloop
  endfacet
  facet normal 0 0 -1
    outer loop
      vertex -2.98555 26.2059 0
      vertex -7.16533 25.7943 0
      vertex -7.19131 26.1467 0
    endloop
  endfacet
  facet normal 0 0 -1
    outer loop
      vertex -2.96753 26.0598 0
      vertex -7.12207 25.4435 0
      vertex -7.16533 25.7943 0
    endloop
  endfacet
  facet normal -0 0 -1
    outer loop
      vertex -2.94235 25.9147 0
      vertex -7.06165 25.0953 0
      vertex -2.96753 26.0598 0
    endloop
  endfacet
  facet normal -0 0 -1
    outer loop
      vertex -2.77164 25.3519 0
      vertex -6.77263 24.0576 0
      vertex -2.82463 25.4893 0
    endloop
  endfacet
  facet normal 0 0 -1
    outer loop
      vertex -2.82463 25.4893 0
      vertex -6.77263 24.0576 0
      vertex -6.77911 24.0744 0
    endloop
  endfacet
  facet normal 0 -0 -1
    outer loop
      vertex -2.71196 25.2173 0
      vertex -2.64575 25.0858 0
      vertex -6.77263 24.0576 0
    endloop
  endfacet
  facet normal -0 0 -1
    outer loop
      vertex -2.91008 25.7711 0
      vertex -6.98422 24.7505 0
      vertex -2.94235 25.9147 0
    endloop
  endfacet
  facet normal 0 -0 -1
    outer loop
      vertex -2.22284 24.4853 0
      vertex -2.12131 24.3787 0
      vertex -6.77263 24.0576 0
    endloop
  endfacet
  facet normal 0 0 -1
    outer loop
      vertex -6.77263 24.0576 0
      vertex -2.01466 24.2771 0
      vertex -1.90317 24.181 0
    endloop
  endfacet
  facet normal 0 0 -1
    outer loop
      vertex 0 -25 0
      vertex -1.22668 -24.9699 0
      vertex 0 23.5 0
    endloop
  endfacet
  facet normal 0 0 -1
    outer loop
      vertex -12.8526 21.4432 0
      vertex -11.7849 22.048 0
      vertex -0.585266 23.5576 0
    endloop
  endfacet
  facet normal 0 0 -1
    outer loop
      vertex -1.6667 24.0056 0
      vertex -6.77263 24.0576 0
      vertex -1.78709 24.0904 0
    endloop
  endfacet
  facet normal 0 -0 -1
    outer loop
      vertex -0.87085 23.6292 0
      vertex -0.728928 23.5899 0
      vertex -9.56708 23.097 0
    endloop
  endfacet
  facet normal 0 0 -1
    outer loop
      vertex -7.25711 23.9235 0
      vertex -6.77263 24.0576 0
      vertex -1.01067 23.6754 0
    endloop
  endfacet
  facet normal 0 0 -1
    outer loop
      vertex -1.5423 29.0732 0
      vertex -4.00009 32.4866 0
      vertex -3.70154 32.6756 0
    endloop
  endfacet
  facet normal 0 0 -1
    outer loop
      vertex -13.8893 20.7867 0
      vertex -12.8526 21.4432 0
      vertex -0.585266 23.5576 0
    endloop
  endfacet
  facet normal 0 0 -1
    outer loop
      vertex -14.8925 20.0802 0
      vertex -13.8893 20.7867 0
      vertex -0.585266 23.5576 0
    endloop
  endfacet
  facet normal -0 0 -1
    outer loop
      vertex -0.440186 23.5325 0
      vertex -14.8925 20.0802 0
      vertex -0.585266 23.5576 0
    endloop
  endfacet
  facet normal 0 0 -1
    outer loop
      vertex -0.440186 23.5325 0
      vertex -15.8598 19.3253 0
      vertex -14.8925 20.0802 0
    endloop
  endfacet
  facet normal 0 0 -1
    outer loop
      vertex -0.440186 23.5325 0
      vertex -16.789 18.5238 0
      vertex -15.8598 19.3253 0
    endloop
  endfacet
  facet normal 0 0 -1
    outer loop
      vertex -0.440186 23.5325 0
      vertex -17.6777 17.6777 0
      vertex -16.789 18.5238 0
    endloop
  endfacet
  facet normal 0 0 -1
    outer loop
      vertex -0.440186 23.5325 0
      vertex -18.5238 16.789 0
      vertex -17.6777 17.6777 0
    endloop
  endfacet
  facet normal 0 -0 -1
    outer loop
      vertex -0.440186 23.5325 0
      vertex -0.294037 23.5144 0
      vertex -18.5238 16.789 0
    endloop
  endfacet
  facet normal 0 -0 -1
    outer loop
      vertex -18.5238 16.789 0
      vertex -0.294037 23.5144 0
      vertex -19.3253 15.8598 0
    endloop
  endfacet
  facet normal 0 -0 -1
    outer loop
      vertex -19.3253 15.8598 0
      vertex -0.294037 23.5144 0
      vertex -20.0802 14.8925 0
    endloop
  endfacet
  facet normal 0 -0 -1
    outer loop
      vertex -20.0802 14.8925 0
      vertex -0.294037 23.5144 0
      vertex -20.7867 13.8893 0
    endloop
  endfacet
  facet normal 0 -0 -1
    outer loop
      vertex -20.7867 13.8893 0
      vertex -0.294037 23.5144 0
      vertex -21.4432 12.8526 0
    endloop
  endfacet
  facet normal 0 -0 -1
    outer loop
      vertex -21.4432 12.8526 0
      vertex -0.294037 23.5144 0
      vertex -22.048 11.7849 0
    endloop
  endfacet
  facet normal 0 -0 -1
    outer loop
      vertex -22.048 11.7849 0
      vertex -0.294037 23.5144 0
      vertex -22.5997 10.6889 0
    endloop
  endfacet
  facet normal 0 -0 -1
    outer loop
      vertex -22.5997 10.6889 0
      vertex -0.294037 23.5144 0
      vertex -23.097 9.56708 0
    endloop
  endfacet
  facet normal 0 -0 -1
    outer loop
      vertex -23.097 9.56708 0
      vertex -0.294037 23.5144 0
      vertex -23.5386 8.42224 0
    endloop
  endfacet
  facet normal 0 -0 -1
    outer loop
      vertex -23.5386 8.42224 0
      vertex -0.294037 23.5144 0
      vertex -23.9235 7.25711 0
    endloop
  endfacet
  facet normal 0 0 -1
    outer loop
      vertex -23.9235 7.25711 0
      vertex -0.294037 23.5144 0
      vertex -0.147202 23.5036 0
    endloop
  endfacet
  facet normal 0 0 -1
    outer loop
      vertex -24.2508 6.07449 0
      vertex -23.9235 7.25711 0
      vertex -0.147202 23.5036 0
    endloop
  endfacet
  facet normal 0 0 -1
    outer loop
      vertex -24.5196 4.87724 0
      vertex -24.2508 6.07449 0
      vertex -0.147202 23.5036 0
    endloop
  endfacet
  facet normal 0 0 -1
    outer loop
      vertex -24.7294 3.66826 0
      vertex -24.5196 4.87724 0
      vertex -0.147202 23.5036 0
    endloop
  endfacet
  facet normal 0 0 -1
    outer loop
      vertex -24.8796 2.45042 0
      vertex -24.7294 3.66826 0
      vertex -0.147202 23.5036 0
    endloop
  endfacet
  facet normal 0 0 -1
    outer loop
      vertex -24.9699 1.22668 0
      vertex -24.8796 2.45042 0
      vertex -0.147202 23.5036 0
    endloop
  endfacet
  facet normal 0 0 -1
    outer loop
      vertex -25 0 0
      vertex -24.9699 1.22668 0
      vertex -0.147202 23.5036 0
    endloop
  endfacet
  facet normal 0 0 -1
    outer loop
      vertex -24.9699 -1.22668 0
      vertex -25 0 0
      vertex -0.147202 23.5036 0
    endloop
  endfacet
  facet normal 0 0 -1
    outer loop
      vertex -24.8796 -2.45042 0
      vertex -24.9699 -1.22668 0
      vertex -0.147202 23.5036 0
    endloop
  endfacet
  facet normal 0 0 -1
    outer loop
      vertex -24.7294 -3.66826 0
      vertex -24.8796 -2.45042 0
      vertex -0.147202 23.5036 0
    endloop
  endfacet
  facet normal 0 0 -1
    outer loop
      vertex -24.5196 -4.87724 0
      vertex -24.7294 -3.66826 0
      vertex -0.147202 23.5036 0
    endloop
  endfacet
  facet normal 0 0 -1
    outer loop
      vertex -24.2508 -6.07449 0
      vertex -24.5196 -4.87724 0
      vertex -0.147202 23.5036 0
    endloop
  endfacet
  facet normal 0 0 -1
    outer loop
      vertex -23.9235 -7.25711 0
      vertex -24.2508 -6.07449 0
      vertex -0.147202 23.5036 0
    endloop
  endfacet
  facet normal 0 0 -1
    outer loop
      vertex -23.5386 -8.42224 0
      vertex -23.9235 -7.25711 0
      vertex -0.147202 23.5036 0
    endloop
  endfacet
  facet normal 0 0 -1
    outer loop
      vertex -23.097 -9.56708 0
      vertex -23.5386 -8.42224 0
      vertex -0.147202 23.5036 0
    endloop
  endfacet
  facet normal 0 0 -1
    outer loop
      vertex -22.5997 -10.6889 0
      vertex -23.097 -9.56708 0
      vertex -0.147202 23.5036 0
    endloop
  endfacet
  facet normal 0 0 -1
    outer loop
      vertex -22.048 -11.7849 0
      vertex -22.5997 -10.6889 0
      vertex -0.147202 23.5036 0
    endloop
  endfacet
  facet normal 0 0 -1
    outer loop
      vertex -21.4432 -12.8526 0
      vertex -22.048 -11.7849 0
      vertex -0.147202 23.5036 0
    endloop
  endfacet
  facet normal 0 0 -1
    outer loop
      vertex -20.7867 -13.8893 0
      vertex -21.4432 -12.8526 0
      vertex -0.147202 23.5036 0
    endloop
  endfacet
  facet normal 0 0 -1
    outer loop
      vertex -20.0802 -14.8925 0
      vertex -20.7867 -13.8893 0
      vertex -0.147202 23.5036 0
    endloop
  endfacet
  facet normal 0 0 -1
    outer loop
      vertex -19.3253 -15.8598 0
      vertex -20.0802 -14.8925 0
      vertex -0.147202 23.5036 0
    endloop
  endfacet
  facet normal 0 0 -1
    outer loop
      vertex -18.5238 -16.789 0
      vertex -19.3253 -15.8598 0
      vertex -0.147202 23.5036 0
    endloop
  endfacet
  facet normal 0 0 -1
    outer loop
      vertex -17.6777 -17.6777 0
      vertex -18.5238 -16.789 0
      vertex 0 23.5 0
    endloop
  endfacet
  facet normal -0 0 -1
    outer loop
      vertex 0 23.5 0
      vertex -18.5238 -16.789 0
      vertex -0.147202 23.5036 0
    endloop
  endfacet
  facet normal 0 0 -1
    outer loop
      vertex -15.8598 -19.3253 0
      vertex -16.789 -18.5238 0
      vertex 0 23.5 0
    endloop
  endfacet
  facet normal 0 0 -1
    outer loop
      vertex 0 23.5 0
      vertex -16.789 -18.5238 0
      vertex -17.6777 -17.6777 0
    endloop
  endfacet
  facet normal 0 0 -1
    outer loop
      vertex 0 23.5 0
      vertex -14.8925 -20.0802 0
      vertex -15.8598 -19.3253 0
    endloop
  endfacet
  facet normal 0 0 -1
    outer loop
      vertex 0 23.5 0
      vertex -13.8893 -20.7867 0
      vertex -14.8925 -20.0802 0
    endloop
  endfacet
  facet normal 0 0 -1
    outer loop
      vertex 0 23.5 0
      vertex -12.8526 -21.4432 0
      vertex -13.8893 -20.7867 0
    endloop
  endfacet
  facet normal 0 0 -1
    outer loop
      vertex 0 23.5 0
      vertex -11.7849 -22.048 0
      vertex -12.8526 -21.4432 0
    endloop
  endfacet
  facet normal 0 0 -1
    outer loop
      vertex -9.56708 -23.097 0
      vertex -10.6889 -22.5997 0
      vertex 0 23.5 0
    endloop
  endfacet
  facet normal 0 0 -1
    outer loop
      vertex 0 23.5 0
      vertex -10.6889 -22.5997 0
      vertex -11.7849 -22.048 0
    endloop
  endfacet
  facet normal 0 0 -1
    outer loop
      vertex 0 23.5 0
      vertex -8.42224 -23.5386 0
      vertex -9.56708 -23.097 0
    endloop
  endfacet
  facet normal 0 0 -1
    outer loop
      vertex -6.07449 -24.2508 0
      vertex -7.25711 -23.9235 0
      vertex 0 23.5 0
    endloop
  endfacet
  facet normal 0 0 -1
    outer loop
      vertex 0 23.5 0
      vertex -7.25711 -23.9235 0
      vertex -8.42224 -23.5386 0
    endloop
  endfacet
  facet normal 0 0 -1
    outer loop
      vertex 0 23.5 0
      vertex -4.87724 -24.5196 0
      vertex -6.07449 -24.2508 0
    endloop
  endfacet
  facet normal 0 0 -1
    outer loop
      vertex 0 23.5 0
      vertex -3.66826 -24.7294 0
      vertex -4.87724 -24.5196 0
    endloop
  endfacet
  facet normal 0 0 -1
    outer loop
      vertex 0 23.5 0
      vertex -2.45042 -24.8796 0
      vertex -3.66826 -24.7294 0
    endloop
  endfacet
  facet normal 0 0 -1
    outer loop
      vertex 0 23.5 0
      vertex -1.22668 -24.9699 0
      vertex -2.45042 -24.8796 0
    endloop
  endfacet
  facet normal -0 0 -1
    outer loop
      vertex 1.22668 -24.9699 0
      vertex 0 -25 0
      vertex 0 23.5 0
    endloop
  endfacet
  facet normal 0 0 -1
    outer loop
      vertex 1.22668 -24.9699 0
      vertex 0 23.5 0
      vertex 2.45042 -24.8796 0
    endloop
  endfacet
  facet normal 0 0 -1
    outer loop
      vertex 2.94235 27.0853 0
      vertex 6.98422 28.2495 0
      vertex 7.06165 27.9046 0
    endloop
  endfacet
  facet normal -0 0 -1
    outer loop
      vertex -0.585266 23.5576 0
      vertex -11.7849 22.048 0
      vertex -0.728928 23.5899 0
    endloop
  endfacet
  facet normal 0 -0 -1
    outer loop
      vertex -10.6889 22.5997 0
      vertex -0.728928 23.5899 0
      vertex -11.7849 22.048 0
    endloop
  endfacet
  facet normal 0 -0 -1
    outer loop
      vertex -1.01067 23.6754 0
      vertex -0.87085 23.6292 0
      vertex -8.42224 23.5386 0
    endloop
  endfacet
  facet normal 0 0 -1
    outer loop
      vertex -0.87085 23.6292 0
      vertex -9.56708 23.097 0
      vertex -8.42224 23.5386 0
    endloop
  endfacet
  facet normal 0 -0 -1
    outer loop
      vertex -7.25711 23.9235 0
      vertex -1.01067 23.6754 0
      vertex -8.42224 23.5386 0
    endloop
  endfacet
  facet normal -0 -0 -1
    outer loop
      vertex -1.28265 23.788 0
      vertex -1.14804 23.7283 0
      vertex -6.77263 24.0576 0
    endloop
  endfacet
  facet normal -0 -0 -1
    outer loop
      vertex -1.14804 23.7283 0
      vertex -1.01067 23.6754 0
      vertex -6.77263 24.0576 0
    endloop
  endfacet
  facet normal 0 0 -1
    outer loop
      vertex -1.41418 23.8542 0
      vertex -6.77263 24.0576 0
      vertex -1.5423 23.9268 0
    endloop
  endfacet
  facet normal 0 0 -1
    outer loop
      vertex -1.28265 23.788 0
      vertex -6.77263 24.0576 0
      vertex -1.41418 23.8542 0
    endloop
  endfacet
  facet normal 0 0 -1
    outer loop
      vertex -1.5423 23.9268 0
      vertex -6.77263 24.0576 0
      vertex -1.6667 24.0056 0
    endloop
  endfacet
  facet normal 0 0 -1
    outer loop
      vertex -6.77263 24.0576 0
      vertex -1.90317 24.181 0
      vertex -1.78709 24.0904 0
    endloop
  endfacet
  facet normal 0 -0 -1
    outer loop
      vertex -2.12131 24.3787 0
      vertex -2.01466 24.2771 0
      vertex -6.77263 24.0576 0
    endloop
  endfacet
  facet normal 0 0 -1
    outer loop
      vertex -6.77263 24.0576 0
      vertex -2.40962 24.7129 0
      vertex -2.31903 24.5968 0
    endloop
  endfacet
  facet normal 0 0 -1
    outer loop
      vertex -6.77263 24.0576 0
      vertex -2.31903 24.5968 0
      vertex -2.22284 24.4853 0
    endloop
  endfacet
  facet normal 0 -0 -1
    outer loop
      vertex -2.57318 24.9577 0
      vertex -2.4944 24.8333 0
      vertex -6.77263 24.0576 0
    endloop
  endfacet
  facet normal 0 -0 -1
    outer loop
      vertex -2.4944 24.8333 0
      vertex -2.40962 24.7129 0
      vertex -6.77263 24.0576 0
    endloop
  endfacet
  facet normal 0 -0 -1
    outer loop
      vertex -2.64575 25.0858 0
      vertex -2.57318 24.9577 0
      vertex -6.77263 24.0576 0
    endloop
  endfacet
  facet normal -0 0 -1
    outer loop
      vertex -2.71196 25.2173 0
      vertex -6.77263 24.0576 0
      vertex -2.77164 25.3519 0
    endloop
  endfacet
  facet normal 0 -0 -1
    outer loop
      vertex -2.87082 25.6291 0
      vertex -2.82463 25.4893 0
      vertex -6.77911 24.0744 0
    endloop
  endfacet
  facet normal 0 0 -1
    outer loop
      vertex -6.88997 24.4099 0
      vertex -6.98422 24.7505 0
      vertex -2.87082 25.6291 0
    endloop
  endfacet
  facet normal 0 0 -1
    outer loop
      vertex -6.88997 24.4099 0
      vertex -2.87082 25.6291 0
      vertex -6.77911 24.0744 0
    endloop
  endfacet
  facet normal -0 0 -1
    outer loop
      vertex -2.87082 25.6291 0
      vertex -6.98422 24.7505 0
      vertex -2.91008 25.7711 0
    endloop
  endfacet
  facet normal 0 0 -1
    outer loop
      vertex -6.98422 24.7505 0
      vertex -7.06165 25.0953 0
      vertex -2.94235 25.9147 0
    endloop
  endfacet
  facet normal 0 0 -1
    outer loop
      vertex -7.06165 25.0953 0
      vertex -7.12207 25.4435 0
      vertex -2.96753 26.0598 0
    endloop
  endfacet
  facet normal -0 0 -1
    outer loop
      vertex -2.96753 26.0598 0
      vertex -7.16533 25.7943 0
      vertex -2.98555 26.2059 0
    endloop
  endfacet
  facet normal -0 0 -1
    outer loop
      vertex -2.98555 26.2059 0
      vertex -7.19131 26.1467 0
      vertex -2.99638 26.3528 0
    endloop
  endfacet
  facet normal 0 0 -1
    outer loop
      vertex -7.19131 26.1467 0
      vertex -7.2 26.5 0
      vertex -3 26.5 0
    endloop
  endfacet
  facet normal 0 0 -1
    outer loop
      vertex -3 26.5 0
      vertex -7.19131 26.8533 0
      vertex -2.99638 26.6472 0
    endloop
  endfacet
  facet normal 0 0 -1
    outer loop
      vertex -7.16533 27.2057 0
      vertex -2.96753 26.9402 0
      vertex -2.98555 26.794 0
    endloop
  endfacet
  facet normal 0 -0 -1
    outer loop
      vertex -7.16533 27.2057 0
      vertex -2.98555 26.794 0
      vertex -7.19131 26.8533 0
    endloop
  endfacet
  facet normal 0 0 -1
    outer loop
      vertex -7.16533 27.2057 0
      vertex -7.12207 27.5565 0
      vertex -2.96753 26.9402 0
    endloop
  endfacet
  facet normal 0 0 -1
    outer loop
      vertex -2.96753 26.9402 0
      vertex -7.06165 27.9046 0
      vertex -2.94235 27.0853 0
    endloop
  endfacet
  facet normal 0 0 -1
    outer loop
      vertex -6.98422 28.2495 0
      vertex -2.87082 27.3708 0
      vertex -2.91008 27.2289 0
    endloop
  endfacet
  facet normal 0 0 -1
    outer loop
      vertex -6.98422 28.2495 0
      vertex -2.91008 27.2289 0
      vertex -2.94235 27.0853 0
    endloop
  endfacet
  facet normal 0 0 -1
    outer loop
      vertex -6.98422 28.2495 0
      vertex -6.88997 28.59 0
      vertex -2.87082 27.3708 0
    endloop
  endfacet
  facet normal 0 0 -1
    outer loop
      vertex -2.87082 27.3708 0
      vertex -6.77911 28.9256 0
      vertex -2.82463 27.5107 0
    endloop
  endfacet
  facet normal 0 0 -1
    outer loop
      vertex -2.82463 27.5107 0
      vertex -6.65193 29.2553 0
      vertex -2.77164 27.648 0
    endloop
  endfacet
  facet normal 0 0 -1
    outer loop
      vertex -2.77164 27.648 0
      vertex -6.50871 29.5784 0
      vertex -2.71196 27.7827 0
    endloop
  endfacet
  facet normal 0 0 -1
    outer loop
      vertex -2.71196 27.7827 0
      vertex -6.34982 29.894 0
      vertex -2.64575 27.9142 0
    endloop
  endfacet
  facet normal 0 0 -1
    outer loop
      vertex -6.34982 29.894 0
      vertex -6.17564 30.2015 0
      vertex -2.57318 28.0423 0
    endloop
  endfacet
  facet normal 0 0 -1
    outer loop
      vertex -2.57318 28.0423 0
      vertex -5.98657 30.5001 0
      vertex -2.4944 28.1667 0
    endloop
  endfacet
  facet normal 0 0 -1
    outer loop
      vertex -5.98657 30.5001 0
      vertex -5.78308 30.789 0
      vertex -2.40962 28.2871 0
    endloop
  endfacet
  facet normal 0 0 -1
    outer loop
      vertex -2.40962 28.2871 0
      vertex -5.56567 31.0676 0
      vertex -2.31903 28.4032 0
    endloop
  endfacet
  facet normal 0 0 -1
    outer loop
      vertex -2.31903 28.4032 0
      vertex -5.33484 31.3352 0
      vertex -2.22284 28.5147 0
    endloop
  endfacet
  facet normal 0 0 -1
    outer loop
      vertex -2.22284 28.5147 0
      vertex -5.09116 31.5912 0
      vertex -2.12131 28.6213 0
    endloop
  endfacet
  facet normal 0 0 -1
    outer loop
      vertex -5.09116 31.5912 0
      vertex -4.83522 31.8348 0
      vertex -2.01466 28.7228 0
    endloop
  endfacet
  facet normal 0 0 -1
    outer loop
      vertex -4.83522 31.8348 0
      vertex -4.56763 32.0657 0
      vertex -1.90317 28.819 0
    endloop
  endfacet
  facet normal 0 0 -1
    outer loop
      vertex -4.56763 32.0657 0
      vertex -4.28903 32.2831 0
      vertex -1.78709 28.9096 0
    endloop
  endfacet
  facet normal 0 0 -1
    outer loop
      vertex -1.78709 28.9096 0
      vertex -4.00009 32.4866 0
      vertex -1.6667 28.9944 0
    endloop
  endfacet
  facet normal 0 -0 -1
    outer loop
      vertex -3.39404 32.8498 0
      vertex -1.5423 29.0732 0
      vertex -3.70154 32.6756 0
    endloop
  endfacet
  facet normal 0 0 -1
    outer loop
      vertex -3.39404 32.8498 0
      vertex -1.28265 29.212 0
      vertex -1.41418 29.1458 0
    endloop
  endfacet
  facet normal 0 0 -1
    outer loop
      vertex -3.39404 32.8498 0
      vertex -1.41418 29.1458 0
      vertex -1.5423 29.0732 0
    endloop
  endfacet
  facet normal 0 0 -1
    outer loop
      vertex -3.39404 32.8498 0
      vertex -3.07838 33.0087 0
      vertex -1.28265 29.212 0
    endloop
  endfacet
  facet normal -0 0 -1
    outer loop
      vertex -1.01067 29.3246 0
      vertex -1.14804 29.2716 0
      vertex -2.75531 33.1519 0
    endloop
  endfacet
  facet normal -0 0 -1
    outer loop
      vertex -0.87085 29.3708 0
      vertex -1.01067 29.3246 0
      vertex -2.4256 33.2791 0
    endloop
  endfacet
  facet normal 0 0 -1
    outer loop
      vertex -2.09004 33.39 0
      vertex -1.74945 33.4842 0
      vertex -0.87085 29.3708 0
    endloop
  endfacet
  facet normal 0 -0 -1
    outer loop
      vertex -2.09004 33.39 0
      vertex -0.87085 29.3708 0
      vertex -2.4256 33.2791 0
    endloop
  endfacet
  facet normal 0 0 -1
    outer loop
      vertex -0.87085 29.3708 0
      vertex -1.74945 33.4842 0
      vertex -0.728928 29.4101 0
    endloop
  endfacet
  facet normal 0 0 -1
    outer loop
      vertex -1.74945 33.4842 0
      vertex -1.40465 33.5616 0
      vertex -0.585266 29.4424 0
    endloop
  endfacet
  facet normal 0 -0 -1
    outer loop
      vertex -0.705719 33.6653 0
      vertex -0.440186 29.4675 0
      vertex -1.05646 33.6221 0
    endloop
  endfacet
  facet normal 0 -0 -1
    outer loop
      vertex -0.353287 33.6913 0
      vertex -0.294037 29.4855 0
      vertex -0.705719 33.6653 0
    endloop
  endfacet
  facet normal 0 0 -1
    outer loop
      vertex -0.294037 29.4855 0
      vertex -0.353287 33.6913 0
      vertex -0.147202 29.4964 0
    endloop
  endfacet
  facet normal -0 0 -1
    outer loop
      vertex 0.353287 33.6913 0
      vertex 0 29.5 0
      vertex 0 33.7 0
    endloop
  endfacet
  facet normal 0 0 -1
    outer loop
      vertex 0 29.5 0
      vertex 0.353287 33.6913 0
      vertex 0.147202 29.4964 0
    endloop
  endfacet
  facet normal 0 0 -1
    outer loop
      vertex 0.705719 33.6653 0
      vertex 0.440186 29.4675 0
      vertex 0.294037 29.4855 0
    endloop
  endfacet
  facet normal -0 0 -1
    outer loop
      vertex 0.705719 33.6653 0
      vertex 0.294037 29.4855 0
      vertex 0.353287 33.6913 0
    endloop
  endfacet
  facet normal 0 -0 -1
    outer loop
      vertex 0.705719 33.6653 0
      vertex 1.05646 33.6221 0
      vertex 0.440186 29.4675 0
    endloop
  endfacet
  facet normal -0 0 -1
    outer loop
      vertex 1.74945 33.4842 0
      vertex 0.585266 29.4424 0
      vertex 1.40465 33.5616 0
    endloop
  endfacet
  facet normal 0 0 -1
    outer loop
      vertex 0.585266 29.4424 0
      vertex 1.74945 33.4842 0
      vertex 0.728928 29.4101 0
    endloop
  endfacet
  facet normal 0 -0 -1
    outer loop
      vertex 1.74945 33.4842 0
      vertex 2.09004 33.39 0
      vertex 0.87085 29.3708 0
    endloop
  endfacet
  facet normal 0 0 -1
    outer loop
      vertex 0.87085 29.3708 0
      vertex 2.4256 33.2791 0
      vertex 1.01067 29.3246 0
    endloop
  endfacet
  facet normal -0 0 -1
    outer loop
      vertex 3.07838 33.0087 0
      vertex 1.14804 29.2716 0
      vertex 2.75531 33.1519 0
    endloop
  endfacet
  facet normal 0 0 -1
    outer loop
      vertex 1.14804 29.2716 0
      vertex 3.07838 33.0087 0
      vertex 1.28265 29.212 0
    endloop
  endfacet
  facet normal 0 0 -1
    outer loop
      vertex 1.5423 29.0732 0
      vertex 1.41418 29.1458 0
      vertex 3.39404 32.8498 0
    endloop
  endfacet
  facet normal -0 0 -1
    outer loop
      vertex 4.00009 32.4866 0
      vertex 1.5423 29.0732 0
      vertex 3.70154 32.6756 0
    endloop
  endfacet
  facet normal 0 0 -1
    outer loop
      vertex 1.5423 29.0732 0
      vertex 4.00009 32.4866 0
      vertex 1.6667 28.9944 0
    endloop
  endfacet
  facet normal -0 0 -1
    outer loop
      vertex 4.56763 32.0657 0
      vertex 1.78709 28.9096 0
      vertex 4.28903 32.2831 0
    endloop
  endfacet
  facet normal -0 0 -1
    outer loop
      vertex 4.83522 31.8348 0
      vertex 1.90317 28.819 0
      vertex 4.56763 32.0657 0
    endloop
  endfacet
  facet normal -0 0 -1
    outer loop
      vertex 5.09116 31.5912 0
      vertex 2.01466 28.7228 0
      vertex 4.83522 31.8348 0
    endloop
  endfacet
  facet normal 0 0 -1
    outer loop
      vertex 2.22284 28.5147 0
      vertex 2.12131 28.6213 0
      vertex 5.09116 31.5912 0
    endloop
  endfacet
  facet normal 0 -0 -1
    outer loop
      vertex 5.09116 31.5912 0
      vertex 5.33484 31.3352 0
      vertex 2.22284 28.5147 0
    endloop
  endfacet
  facet normal 0 0 -1
    outer loop
      vertex 2.40962 28.2871 0
      vertex 2.31903 28.4032 0
      vertex 5.56567 31.0676 0
    endloop
  endfacet
  facet normal -0 0 -1
    outer loop
      vertex 5.98657 30.5001 0
      vertex 2.40962 28.2871 0
      vertex 5.78308 30.789 0
    endloop
  endfacet
  facet normal 0 0 -1
    outer loop
      vertex 2.57318 28.0423 0
      vertex 2.4944 28.1667 0
      vertex 5.98657 30.5001 0
    endloop
  endfacet
  facet normal 0 -0 -1
    outer loop
      vertex 6.17564 30.2015 0
      vertex 6.34982 29.894 0
      vertex 2.57318 28.0423 0
    endloop
  endfacet
  facet normal -0 0 -1
    outer loop
      vertex 6.17564 30.2015 0
      vertex 2.57318 28.0423 0
      vertex 5.98657 30.5001 0
    endloop
  endfacet
  facet normal 0 0 -1
    outer loop
      vertex 6.34982 29.894 0
      vertex 2.71196 27.7827 0
      vertex 2.64575 27.9142 0
    endloop
  endfacet
  facet normal 0 0 -1
    outer loop
      vertex 6.34982 29.894 0
      vertex 2.64575 27.9142 0
      vertex 2.57318 28.0423 0
    endloop
  endfacet
  facet normal 0 0 -1
    outer loop
      vertex 6.50871 29.5784 0
      vertex 2.77164 27.648 0
      vertex 2.71196 27.7827 0
    endloop
  endfacet
  facet normal -0 0 -1
    outer loop
      vertex 6.50871 29.5784 0
      vertex 2.71196 27.7827 0
      vertex 6.34982 29.894 0
    endloop
  endfacet
  facet normal 0 0 -1
    outer loop
      vertex 6.65193 29.2553 0
      vertex 2.82463 27.5107 0
      vertex 2.77164 27.648 0
    endloop
  endfacet
  facet normal -0 0 -1
    outer loop
      vertex 6.65193 29.2553 0
      vertex 2.77164 27.648 0
      vertex 6.50871 29.5784 0
    endloop
  endfacet
  facet normal 0 0 -1
    outer loop
      vertex 6.77911 28.9256 0
      vertex 2.87082 27.3708 0
      vertex 2.82463 27.5107 0
    endloop
  endfacet
  facet normal -0 0 -1
    outer loop
      vertex 6.77911 28.9256 0
      vertex 2.82463 27.5107 0
      vertex 6.65193 29.2553 0
    endloop
  endfacet
  facet normal 0 -0 -1
    outer loop
      vertex 6.88997 28.59 0
      vertex 6.98422 28.2495 0
      vertex 2.87082 27.3708 0
    endloop
  endfacet
  facet normal -0 0 -1
    outer loop
      vertex 6.88997 28.59 0
      vertex 2.87082 27.3708 0
      vertex 6.77911 28.9256 0
    endloop
  endfacet
  facet normal 0 0 -1
    outer loop
      vertex 6.98422 28.2495 0
      vertex 2.94235 27.0853 0
      vertex 2.91008 27.2289 0
    endloop
  endfacet
  facet normal 0 0 -1
    outer loop
      vertex 6.98422 28.2495 0
      vertex 2.91008 27.2289 0
      vertex 2.87082 27.3708 0
    endloop
  endfacet
  facet normal 0 0 -1
    outer loop
      vertex 2.96753 26.9402 0
      vertex 2.94235 27.0853 0
      vertex 7.06165 27.9046 0
    endloop
  endfacet
  facet normal -0 0 -1
    outer loop
      vertex 7.12207 27.5565 0
      vertex 2.96753 26.9402 0
      vertex 7.06165 27.9046 0
    endloop
  endfacet
  facet normal 0 -0 -1
    outer loop
      vertex 7.12207 27.5565 0
      vertex 7.16533 27.2057 0
      vertex 2.96753 26.9402 0
    endloop
  endfacet
  facet normal 0 0 -1
    outer loop
      vertex 2.96753 26.9402 0
      vertex 7.16533 27.2057 0
      vertex 2.98555 26.794 0
    endloop
  endfacet
  facet normal 0 0 -1
    outer loop
      vertex 2.98555 26.794 0
      vertex 7.16533 27.2057 0
      vertex 7.19131 26.8533 0
    endloop
  endfacet
  facet normal 0 0 -1
    outer loop
      vertex 2.99638 26.6472 0
      vertex 2.98555 26.794 0
      vertex 7.19131 26.8533 0
    endloop
  endfacet
  facet normal 0 0 -1
    outer loop
      vertex 3 26.5 0
      vertex 2.99638 26.6472 0
      vertex 7.19131 26.8533 0
    endloop
  endfacet
  facet normal 0 0 -1
    outer loop
      vertex 7.2 26.5 0
      vertex 3 26.5 0
      vertex 7.19131 26.8533 0
    endloop
  endfacet
  facet normal -0 0 -1
    outer loop
      vertex 7.2 26.5 0
      vertex 7.19131 26.1467 0
      vertex 3 26.5 0
    endloop
  endfacet
  facet normal 0 -0 -1
    outer loop
      vertex 3 26.5 0
      vertex 7.19131 26.1467 0
      vertex 2.99638 26.3528 0
    endloop
  endfacet
  facet normal 0 -0 -1
    outer loop
      vertex 2.99638 26.3528 0
      vertex 7.19131 26.1467 0
      vertex 2.98555 26.2059 0
    endloop
  endfacet
  facet normal 0 0 -1
    outer loop
      vertex 2.98555 26.2059 0
      vertex 7.19131 26.1467 0
      vertex 7.16533 25.7943 0
    endloop
  endfacet
  facet normal 0 0 -1
    outer loop
      vertex 2.96753 26.0598 0
      vertex 2.98555 26.2059 0
      vertex 7.16533 25.7943 0
    endloop
  endfacet
  facet normal 0 0 -1
    outer loop
      vertex 7.12207 25.4435 0
      vertex 2.96753 26.0598 0
      vertex 7.16533 25.7943 0
    endloop
  endfacet
  facet normal -0 0 -1
    outer loop
      vertex 7.12207 25.4435 0
      vertex 7.06165 25.0953 0
      vertex 2.96753 26.0598 0
    endloop
  endfacet
  facet normal 0 -0 -1
    outer loop
      vertex 2.96753 26.0598 0
      vertex 7.06165 25.0953 0
      vertex 2.94235 25.9147 0
    endloop
  endfacet
  facet normal 0 0 -1
    outer loop
      vertex 2.94235 25.9147 0
      vertex 7.06165 25.0953 0
      vertex 6.98422 24.7505 0
    endloop
  endfacet
  facet normal 0 0 -1
    outer loop
      vertex 2.91008 25.7711 0
      vertex 2.94235 25.9147 0
      vertex 6.98422 24.7505 0
    endloop
  endfacet
  facet normal 0 0 -1
    outer loop
      vertex 2.87082 25.6291 0
      vertex 2.91008 25.7711 0
      vertex 6.98422 24.7505 0
    endloop
  endfacet
  facet normal 0 0 -1
    outer loop
      vertex 6.88997 24.4099 0
      vertex 2.87082 25.6291 0
      vertex 6.98422 24.7505 0
    endloop
  endfacet
  facet normal -0 0 -1
    outer loop
      vertex 6.88997 24.4099 0
      vertex 6.77911 24.0744 0
      vertex 2.87082 25.6291 0
    endloop
  endfacet
  facet normal 0 -0 -1
    outer loop
      vertex 2.87082 25.6291 0
      vertex 6.77911 24.0744 0
      vertex 2.82463 25.4893 0
    endloop
  endfacet
  facet normal 0 0 -1
    outer loop
      vertex 2.82463 25.4893 0
      vertex 6.77911 24.0744 0
      vertex 6.77263 24.0576 0
    endloop
  endfacet
  facet normal 0 0 -1
    outer loop
      vertex 2.77164 25.3519 0
      vertex 2.82463 25.4893 0
      vertex 6.77263 24.0576 0
    endloop
  endfacet
  facet normal 0 0 -1
    outer loop
      vertex 2.71196 25.2173 0
      vertex 2.77164 25.3519 0
      vertex 6.77263 24.0576 0
    endloop
  endfacet
  facet normal 0 0 -1
    outer loop
      vertex 2.64575 25.0858 0
      vertex 2.71196 25.2173 0
      vertex 6.77263 24.0576 0
    endloop
  endfacet
  facet normal 0 0 -1
    outer loop
      vertex 2.57318 24.9577 0
      vertex 2.64575 25.0858 0
      vertex 6.77263 24.0576 0
    endloop
  endfacet
  facet normal 0 0 -1
    outer loop
      vertex 2.4944 24.8333 0
      vertex 2.57318 24.9577 0
      vertex 6.77263 24.0576 0
    endloop
  endfacet
  facet normal 0 0 -1
    outer loop
      vertex 2.40962 24.7129 0
      vertex 2.4944 24.8333 0
      vertex 6.77263 24.0576 0
    endloop
  endfacet
  facet normal 0 0 -1
    outer loop
      vertex 2.31903 24.5968 0
      vertex 2.40962 24.7129 0
      vertex 6.77263 24.0576 0
    endloop
  endfacet
  facet normal 0 0 -1
    outer loop
      vertex 2.22284 24.4853 0
      vertex 2.31903 24.5968 0
      vertex 6.77263 24.0576 0
    endloop
  endfacet
  facet normal 0 0 -1
    outer loop
      vertex 2.12131 24.3787 0
      vertex 2.22284 24.4853 0
      vertex 6.77263 24.0576 0
    endloop
  endfacet
  facet normal 0 0 -1
    outer loop
      vertex 2.01466 24.2771 0
      vertex 2.12131 24.3787 0
      vertex 6.77263 24.0576 0
    endloop
  endfacet
  facet normal 0 0 -1
    outer loop
      vertex 1.90317 24.181 0
      vertex 2.01466 24.2771 0
      vertex 6.77263 24.0576 0
    endloop
  endfacet
  facet normal 0 0 -1
    outer loop
      vertex 1.78709 24.0904 0
      vertex 1.90317 24.181 0
      vertex 6.77263 24.0576 0
    endloop
  endfacet
  facet normal 0 -0 -1
    outer loop
      vertex 1.6667 24.0056 0
      vertex 6.77263 24.0576 0
      vertex 1.5423 23.9268 0
    endloop
  endfacet
  facet normal 0 0 -1
    outer loop
      vertex 6.77263 24.0576 0
      vertex 1.28265 23.788 0
      vertex 1.41418 23.8542 0
    endloop
  endfacet
  facet normal 0 0 -1
    outer loop
      vertex 6.77263 24.0576 0
      vertex 1.14804 23.7283 0
      vertex 1.28265 23.788 0
    endloop
  endfacet
  facet normal -0 0 -1
    outer loop
      vertex 7.25711 23.9235 0
      vertex 1.01067 23.6754 0
      vertex 6.77263 24.0576 0
    endloop
  endfacet
  facet normal 0 0 -1
    outer loop
      vertex 8.42224 23.5386 0
      vertex 0.87085 23.6292 0
      vertex 1.01067 23.6754 0
    endloop
  endfacet
  facet normal 0 0 -1
    outer loop
      vertex 10.6889 22.5997 0
      vertex 0.728928 23.5899 0
      vertex 9.56708 23.097 0
    endloop
  endfacet
  facet normal 0 0 -1
    outer loop
      vertex 11.7849 22.048 0
      vertex 0.585266 23.5576 0
      vertex 0.728928 23.5899 0
    endloop
  endfacet
  facet normal -0 -0 -1
    outer loop
      vertex 13.8893 20.7867 0
      vertex 14.8925 20.0802 0
      vertex 0.585266 23.5576 0
    endloop
  endfacet
  facet normal -0 -0 -1
    outer loop
      vertex 16.789 18.5238 0
      vertex 17.6777 17.6777 0
      vertex 0.440186 23.5325 0
    endloop
  endfacet
  facet normal -0 -0 -1
    outer loop
      vertex 20.0802 14.8925 0
      vertex 20.7867 13.8893 0
      vertex 0.294037 23.5144 0
    endloop
  endfacet
  facet normal 0 0 -1
    outer loop
      vertex 0.294037 23.5144 0
      vertex 23.5386 8.42224 0
      vertex 23.9235 7.25711 0
    endloop
  endfacet
  facet normal 0 0 -1
    outer loop
      vertex 0 23.5 0
      vertex 0.147202 23.5036 0
      vertex 18.5238 -16.789 0
    endloop
  endfacet
  facet normal 0 0 -1
    outer loop
      vertex 0.147202 23.5036 0
      vertex 24.9699 -1.22668 0
      vertex 24.8796 -2.45042 0
    endloop
  endfacet
  facet normal 0 0 1
    outer loop
      vertex 10.6889 -22.5997 3.2
      vertex 0 23.5 3.2
      vertex 9.56708 -23.097 3.2
    endloop
  endfacet
  facet normal 0 0 1
    outer loop
      vertex 9.56708 -23.097 3.2
      vertex 0 23.5 3.2
      vertex 8.42224 -23.5386 3.2
    endloop
  endfacet
  facet normal 0 0 1
    outer loop
      vertex 7.25711 -23.9235 3.2
      vertex 0 23.5 3.2
      vertex 6.07449 -24.2508 3.2
    endloop
  endfacet
  facet normal 0 0 1
    outer loop
      vertex 0 23.5 3.2
      vertex 7.25711 -23.9235 3.2
      vertex 8.42224 -23.5386 3.2
    endloop
  endfacet
  facet normal 0 -0 1
    outer loop
      vertex 12.8526 -21.4432 3.2
      vertex 13.8893 -20.7867 3.2
      vertex 0 23.5 3.2
    endloop
  endfacet
  facet normal 0 0 1
    outer loop
      vertex 12.8526 -21.4432 3.2
      vertex 0 23.5 3.2
      vertex 11.7849 -22.048 3.2
    endloop
  endfacet
  facet normal 0 0 1
    outer loop
      vertex 0 23.5 3.2
      vertex 10.6889 -22.5997 3.2
      vertex 11.7849 -22.048 3.2
    endloop
  endfacet
  facet normal 0 0 1
    outer loop
      vertex 0 23.5 3.2
      vertex 17.6777 -17.6777 3.2
      vertex 18.5238 -16.789 3.2
    endloop
  endfacet
  facet normal 0 -0 1
    outer loop
      vertex 13.8893 -20.7867 3.2
      vertex 14.8925 -20.0802 3.2
      vertex 0 23.5 3.2
    endloop
  endfacet
  facet normal 0 0 1
    outer loop
      vertex 15.8598 -19.3253 3.2
      vertex 0 23.5 3.2
      vertex 14.8925 -20.0802 3.2
    endloop
  endfacet
  facet normal 0 0 1
    outer loop
      vertex 16.789 -18.5238 3.2
      vertex 0 23.5 3.2
      vertex 15.8598 -19.3253 3.2
    endloop
  endfacet
  facet normal 0 0 1
    outer loop
      vertex 22.048 -11.7849 3.2
      vertex 0.147202 23.5036 3.2
      vertex 21.4432 -12.8526 3.2
    endloop
  endfacet
  facet normal 0 0 1
    outer loop
      vertex 0.147202 23.5036 3.2
      vertex 20.0802 -14.8925 3.2
      vertex 20.7867 -13.8893 3.2
    endloop
  endfacet
  facet normal 0 -0 1
    outer loop
      vertex 16.789 -18.5238 3.2
      vertex 17.6777 -17.6777 3.2
      vertex 0 23.5 3.2
    endloop
  endfacet
  facet normal 0 0 1
    outer loop
      vertex 24.2508 -6.07449 3.2
      vertex 0.147202 23.5036 3.2
      vertex 23.9235 -7.25711 3.2
    endloop
  endfacet
  facet normal 0 -0 1
    outer loop
      vertex 18.5238 -16.789 3.2
      vertex 19.3253 -15.8598 3.2
      vertex 0.147202 23.5036 3.2
    endloop
  endfacet
  facet normal 0 0 1
    outer loop
      vertex 21.4432 -12.8526 3.2
      vertex 0.147202 23.5036 3.2
      vertex 20.7867 -13.8893 3.2
    endloop
  endfacet
  facet normal 0 0 1
    outer loop
      vertex 0.147202 23.5036 3.2
      vertex 22.5997 -10.6889 3.2
      vertex 23.097 -9.56708 3.2
    endloop
  endfacet
  facet normal 0 0 1
    outer loop
      vertex 24.8796 -2.45042 3.2
      vertex 0.147202 23.5036 3.2
      vertex 24.7294 -3.66826 3.2
    endloop
  endfacet
  facet normal 0 0 1
    outer loop
      vertex 0.147202 23.5036 3.2
      vertex 24.2508 6.07449 3.2
      vertex 23.9235 7.25711 3.2
    endloop
  endfacet
  facet normal 0 0 1
    outer loop
      vertex 23.9235 -7.25711 3.2
      vertex 0.147202 23.5036 3.2
      vertex 23.5386 -8.42224 3.2
    endloop
  endfacet
  facet normal 0 0 1
    outer loop
      vertex 0.147202 23.5036 3.2
      vertex 23.097 -9.56708 3.2
      vertex 23.5386 -8.42224 3.2
    endloop
  endfacet
  facet normal 0 0 1
    outer loop
      vertex 25 0 3.2
      vertex 24.9699 1.22668 3.2
      vertex 0.147202 23.5036 3.2
    endloop
  endfacet
  facet normal 0 0 1
    outer loop
      vertex 24.7294 -3.66826 3.2
      vertex 0.147202 23.5036 3.2
      vertex 24.5196 -4.87724 3.2
    endloop
  endfacet
  facet normal 0 0 1
    outer loop
      vertex 0.147202 23.5036 3.2
      vertex 24.2508 -6.07449 3.2
      vertex 24.5196 -4.87724 3.2
    endloop
  endfacet
  facet normal 0 0 1
    outer loop
      vertex 24.5196 4.87724 3.2
      vertex 24.2508 6.07449 3.2
      vertex 0.147202 23.5036 3.2
    endloop
  endfacet
  facet normal 0 0 1
    outer loop
      vertex 24.8796 2.45042 3.2
      vertex 0.147202 23.5036 3.2
      vertex 24.9699 1.22668 3.2
    endloop
  endfacet
  facet normal 0 0 1
    outer loop
      vertex 0.294037 23.5144 3.2
      vertex 22.5997 10.6889 3.2
      vertex 22.048 11.7849 3.2
    endloop
  endfacet
  facet normal 0 0 1
    outer loop
      vertex 0.147202 23.5036 3.2
      vertex 24.7294 3.66826 3.2
      vertex 24.5196 4.87724 3.2
    endloop
  endfacet
  facet normal 0 0 1
    outer loop
      vertex 19.3253 15.8598 3.2
      vertex 0.294037 23.5144 3.2
      vertex 20.0802 14.8925 3.2
    endloop
  endfacet
  facet normal 0 0 1
    outer loop
      vertex 24.7294 3.66826 3.2
      vertex 0.147202 23.5036 3.2
      vertex 24.8796 2.45042 3.2
    endloop
  endfacet
  facet normal 0 0 1
    outer loop
      vertex 0.294037 23.5144 3.2
      vertex 0.147202 23.5036 3.2
      vertex 23.9235 7.25711 3.2
    endloop
  endfacet
  facet normal 0 -0 1
    outer loop
      vertex 24.9699 -1.22668 3.2
      vertex 25 0 3.2
      vertex 0.147202 23.5036 3.2
    endloop
  endfacet
  facet normal 0 0 1
    outer loop
      vertex 0.294037 23.5144 3.2
      vertex 19.3253 15.8598 3.2
      vertex 18.5238 16.789 3.2
    endloop
  endfacet
  facet normal 0 0 1
    outer loop
      vertex 0.294037 23.5144 3.2
      vertex 23.097 9.56708 3.2
      vertex 22.5997 10.6889 3.2
    endloop
  endfacet
  facet normal 0 0 1
    outer loop
      vertex 23.5386 8.42224 3.2
      vertex 23.097 9.56708 3.2
      vertex 0.294037 23.5144 3.2
    endloop
  endfacet
  facet normal 0 0 1
    outer loop
      vertex 0.147202 23.5036 3.2
      vertex 22.048 -11.7849 3.2
      vertex 22.5997 -10.6889 3.2
    endloop
  endfacet
  facet normal 0 0 1
    outer loop
      vertex 0.294037 23.5144 3.2
      vertex 21.4432 12.8526 3.2
      vertex 20.7867 13.8893 3.2
    endloop
  endfacet
  facet normal 0 0 1
    outer loop
      vertex 22.048 11.7849 3.2
      vertex 21.4432 12.8526 3.2
      vertex 0.294037 23.5144 3.2
    endloop
  endfacet
  facet normal 0 0 1
    outer loop
      vertex 16.789 18.5238 3.2
      vertex 15.8598 19.3253 3.2
      vertex 0.440186 23.5325 3.2
    endloop
  endfacet
  facet normal 0 0 1
    outer loop
      vertex 0.440186 23.5325 3.2
      vertex 0.294037 23.5144 3.2
      vertex 18.5238 16.789 3.2
    endloop
  endfacet
  facet normal 0 -0 1
    outer loop
      vertex 19.3253 -15.8598 3.2
      vertex 20.0802 -14.8925 3.2
      vertex 0.147202 23.5036 3.2
    endloop
  endfacet
  facet normal 0 0 1
    outer loop
      vertex 18.5238 16.789 3.2
      vertex 17.6777 17.6777 3.2
      vertex 0.440186 23.5325 3.2
    endloop
  endfacet
  facet normal 0 0 1
    outer loop
      vertex 0.87085 23.6292 3.2
      vertex 0.728928 23.5899 3.2
      vertex 9.56708 23.097 3.2
    endloop
  endfacet
  facet normal 0 0 1
    outer loop
      vertex 12.8526 21.4432 3.2
      vertex 11.7849 22.048 3.2
      vertex 0.585266 23.5576 3.2
    endloop
  endfacet
  facet normal 0 0 1
    outer loop
      vertex 15.8598 19.3253 3.2
      vertex 14.8925 20.0802 3.2
      vertex 0.440186 23.5325 3.2
    endloop
  endfacet
  facet normal 0 0 1
    outer loop
      vertex 9.56708 23.097 3.2
      vertex 8.42224 23.5386 3.2
      vertex 0.87085 23.6292 3.2
    endloop
  endfacet
  facet normal 0 0 1
    outer loop
      vertex 13.8893 20.7867 3.2
      vertex 12.8526 21.4432 3.2
      vertex 0.585266 23.5576 3.2
    endloop
  endfacet
  facet normal 0 0 1
    outer loop
      vertex 0.728928 23.5899 3.2
      vertex 11.7849 22.048 3.2
      vertex 10.6889 22.5997 3.2
    endloop
  endfacet
  facet normal 0 0 1
    outer loop
      vertex 8.42224 23.5386 3.2
      vertex 7.25711 23.9235 3.2
      vertex 1.01067 23.6754 3.2
    endloop
  endfacet
  facet normal 0 0 1
    outer loop
      vertex 0.585266 23.5576 3.2
      vertex 0.440186 23.5325 3.2
      vertex 14.8925 20.0802 3.2
    endloop
  endfacet
  facet normal 0 0 1
    outer loop
      vertex 6.07449 -24.2508 3.2
      vertex 0 23.5 3.2
      vertex 4.87724 -24.5196 3.2
    endloop
  endfacet
  facet normal 0 0 1
    outer loop
      vertex 1.41418 23.8542 3.2
      vertex 6.77263 24.0576 3.2
      vertex 1.5423 23.9268 3.2
    endloop
  endfacet
  facet normal 0 0 1
    outer loop
      vertex 1.01067 23.6754 3.2
      vertex 6.77263 24.0576 3.2
      vertex 1.14804 23.7283 3.2
    endloop
  endfacet
  facet normal 0 0 1
    outer loop
      vertex 0 23.5 3.2
      vertex 3.66826 -24.7294 3.2
      vertex 4.87724 -24.5196 3.2
    endloop
  endfacet
  facet normal 0 -0 1
    outer loop
      vertex 2.45042 -24.8796 3.2
      vertex 3.66826 -24.7294 3.2
      vertex 0 23.5 3.2
    endloop
  endfacet
  facet normal 0 0 1
    outer loop
      vertex 1.6667 24.0056 3.2
      vertex 6.77263 24.0576 3.2
      vertex 1.78709 24.0904 3.2
    endloop
  endfacet
  facet normal 0 0 1
    outer loop
      vertex -0.728928 23.5899 3.2
      vertex -9.56708 23.097 3.2
      vertex -10.6889 22.5997 3.2
    endloop
  endfacet
  facet normal 0 -0 1
    outer loop
      vertex 2.31903 28.4032 3.2
      vertex 5.33484 31.3352 3.2
      vertex 2.22284 28.5147 3.2
    endloop
  endfacet
  facet normal 0 0 1
    outer loop
      vertex 5.98657 30.5001 3.2
      vertex 2.40962 28.2871 3.2
      vertex 2.4944 28.1667 3.2
    endloop
  endfacet
  facet normal 0 0 1
    outer loop
      vertex 5.56567 31.0676 3.2
      vertex 5.33484 31.3352 3.2
      vertex 2.31903 28.4032 3.2
    endloop
  endfacet
  facet normal 0 0 1
    outer loop
      vertex 5.78308 30.789 3.2
      vertex 5.56567 31.0676 3.2
      vertex 2.40962 28.2871 3.2
    endloop
  endfacet
  facet normal 0 0 1
    outer loop
      vertex 5.09116 31.5912 3.2
      vertex 2.01466 28.7228 3.2
      vertex 2.12131 28.6213 3.2
    endloop
  endfacet
  facet normal 0 0 1
    outer loop
      vertex 4.83522 31.8348 3.2
      vertex 1.90317 28.819 3.2
      vertex 2.01466 28.7228 3.2
    endloop
  endfacet
  facet normal 0 0 1
    outer loop
      vertex 4.56763 32.0657 3.2
      vertex 1.78709 28.9096 3.2
      vertex 1.90317 28.819 3.2
    endloop
  endfacet
  facet normal 0 -0 1
    outer loop
      vertex 1.78709 28.9096 3.2
      vertex 4.00009 32.4866 3.2
      vertex 1.6667 28.9944 3.2
    endloop
  endfacet
  facet normal 0 0 1
    outer loop
      vertex 4.28903 32.2831 3.2
      vertex 4.00009 32.4866 3.2
      vertex 1.78709 28.9096 3.2
    endloop
  endfacet
  facet normal 0 0 1
    outer loop
      vertex 3.70154 32.6756 3.2
      vertex 3.39404 32.8498 3.2
      vertex 1.5423 29.0732 3.2
    endloop
  endfacet
  facet normal 0 0 1
    outer loop
      vertex 3.39404 32.8498 3.2
      vertex 3.07838 33.0087 3.2
      vertex 1.28265 29.212 3.2
    endloop
  endfacet
  facet normal 0 0 1
    outer loop
      vertex 3.39404 32.8498 3.2
      vertex 1.28265 29.212 3.2
      vertex 1.41418 29.1458 3.2
    endloop
  endfacet
  facet normal 0 0 1
    outer loop
      vertex 2.75531 33.1519 3.2
      vertex 2.4256 33.2791 3.2
      vertex 1.01067 29.3246 3.2
    endloop
  endfacet
  facet normal 0 0 1
    outer loop
      vertex 2.4256 33.2791 3.2
      vertex 2.09004 33.39 3.2
      vertex 0.87085 29.3708 3.2
    endloop
  endfacet
  facet normal 0 -0 1
    outer loop
      vertex 0.87085 29.3708 3.2
      vertex 1.74945 33.4842 3.2
      vertex 0.728928 29.4101 3.2
    endloop
  endfacet
  facet normal 0 0 1
    outer loop
      vertex 2.75531 33.1519 3.2
      vertex 1.01067 29.3246 3.2
      vertex 1.14804 29.2716 3.2
    endloop
  endfacet
  facet normal 0 0 1
    outer loop
      vertex 1.40465 33.5616 3.2
      vertex 1.05646 33.6221 3.2
      vertex 0.440186 29.4675 3.2
    endloop
  endfacet
  facet normal 0 -0 1
    outer loop
      vertex 0.294037 29.4855 3.2
      vertex 0.353287 33.6913 3.2
      vertex 0.147202 29.4964 3.2
    endloop
  endfacet
  facet normal 0 0 1
    outer loop
      vertex 1.40465 33.5616 3.2
      vertex 0.440186 29.4675 3.2
      vertex 0.585266 29.4424 3.2
    endloop
  endfacet
  facet normal 0 0 1
    outer loop
      vertex 0 29.5 3.2
      vertex -0.353287 33.6913 3.2
      vertex -0.147202 29.4964 3.2
    endloop
  endfacet
  facet normal 0 0 1
    outer loop
      vertex 0 33.7 3.2
      vertex -0.353287 33.6913 3.2
      vertex 0 29.5 3.2
    endloop
  endfacet
  facet normal 0 0 1
    outer loop
      vertex -0.705719 33.6653 3.2
      vertex -0.440186 29.4675 3.2
      vertex -0.294037 29.4855 3.2
    endloop
  endfacet
  facet normal 0 0 1
    outer loop
      vertex -0.440186 29.4675 3.2
      vertex -1.40465 33.5616 3.2
      vertex -0.585266 29.4424 3.2
    endloop
  endfacet
  facet normal 0 0 1
    outer loop
      vertex -2.4256 33.2791 3.2
      vertex -2.75531 33.1519 3.2
      vertex -1.01067 29.3246 3.2
    endloop
  endfacet
  facet normal 0 0 1
    outer loop
      vertex -0.585266 29.4424 3.2
      vertex -1.74945 33.4842 3.2
      vertex -0.728928 29.4101 3.2
    endloop
  endfacet
  facet normal 0 0 1
    outer loop
      vertex -1.05646 33.6221 3.2
      vertex -1.40465 33.5616 3.2
      vertex -0.440186 29.4675 3.2
    endloop
  endfacet
  facet normal 0 0 1
    outer loop
      vertex -1.14804 29.2716 3.2
      vertex -3.07838 33.0087 3.2
      vertex -1.28265 29.212 3.2
    endloop
  endfacet
  facet normal 0 0 1
    outer loop
      vertex -2.75531 33.1519 3.2
      vertex -3.07838 33.0087 3.2
      vertex -1.14804 29.2716 3.2
    endloop
  endfacet
  facet normal 0 0 1
    outer loop
      vertex -1.5423 29.0732 3.2
      vertex -4.00009 32.4866 3.2
      vertex -1.6667 28.9944 3.2
    endloop
  endfacet
  facet normal 0 0 1
    outer loop
      vertex -4.00009 32.4866 3.2
      vertex -4.28903 32.2831 3.2
      vertex -1.78709 28.9096 3.2
    endloop
  endfacet
  facet normal 0 0 1
    outer loop
      vertex -1.78709 28.9096 3.2
      vertex -4.56763 32.0657 3.2
      vertex -1.90317 28.819 3.2
    endloop
  endfacet
  facet normal 0 0 1
    outer loop
      vertex -1.90317 28.819 3.2
      vertex -4.83522 31.8348 3.2
      vertex -2.01466 28.7228 3.2
    endloop
  endfacet
  facet normal 0 0 1
    outer loop
      vertex -2.01466 28.7228 3.2
      vertex -5.09116 31.5912 3.2
      vertex -2.12131 28.6213 3.2
    endloop
  endfacet
  facet normal 0 0 1
    outer loop
      vertex -5.09116 31.5912 3.2
      vertex -5.33484 31.3352 3.2
      vertex -2.22284 28.5147 3.2
    endloop
  endfacet
  facet normal 0 0 1
    outer loop
      vertex -5.33484 31.3352 3.2
      vertex -5.56567 31.0676 3.2
      vertex -2.31903 28.4032 3.2
    endloop
  endfacet
  facet normal 0 0 1
    outer loop
      vertex -5.56567 31.0676 3.2
      vertex -5.78308 30.789 3.2
      vertex -2.40962 28.2871 3.2
    endloop
  endfacet
  facet normal 0 0 1
    outer loop
      vertex -2.40962 28.2871 3.2
      vertex -5.98657 30.5001 3.2
      vertex -2.4944 28.1667 3.2
    endloop
  endfacet
  facet normal 0 0 1
    outer loop
      vertex -5.98657 30.5001 3.2
      vertex -6.17564 30.2015 3.2
      vertex -2.57318 28.0423 3.2
    endloop
  endfacet
  facet normal 0 0 1
    outer loop
      vertex -2.57318 28.0423 3.2
      vertex -6.34982 29.894 3.2
      vertex -2.64575 27.9142 3.2
    endloop
  endfacet
  facet normal 0 0 1
    outer loop
      vertex -6.34982 29.894 3.2
      vertex -6.50871 29.5784 3.2
      vertex -2.71196 27.7827 3.2
    endloop
  endfacet
  facet normal 0 0 1
    outer loop
      vertex -6.50871 29.5784 3.2
      vertex -6.65193 29.2553 3.2
      vertex -2.77164 27.648 3.2
    endloop
  endfacet
  facet normal 0 0 1
    outer loop
      vertex -6.77911 28.9256 3.2
      vertex -6.88997 28.59 3.2
      vertex -2.87082 27.3708 3.2
    endloop
  endfacet
  facet normal 0 0 1
    outer loop
      vertex -6.65193 29.2553 3.2
      vertex -6.77911 28.9256 3.2
      vertex -2.82463 27.5107 3.2
    endloop
  endfacet
  facet normal 0 0 1
    outer loop
      vertex -6.98422 28.2495 3.2
      vertex -7.06165 27.9046 3.2
      vertex -2.94235 27.0853 3.2
    endloop
  endfacet
  facet normal 0 0 1
    outer loop
      vertex -7.06165 27.9046 3.2
      vertex -7.12207 27.5565 3.2
      vertex -2.96753 26.9402 3.2
    endloop
  endfacet
  facet normal 0 0 1
    outer loop
      vertex -2.98555 26.794 3.2
      vertex -7.19131 26.8533 3.2
      vertex -2.99638 26.6472 3.2
    endloop
  endfacet
  facet normal 0 0 1
    outer loop
      vertex -7.19131 26.8533 3.2
      vertex -7.2 26.5 3.2
      vertex -3 26.5 3.2
    endloop
  endfacet
  facet normal 0 0 1
    outer loop
      vertex -3 26.5 3.2
      vertex -7.19131 26.1467 3.2
      vertex -2.99638 26.3528 3.2
    endloop
  endfacet
  facet normal -0 0 1
    outer loop
      vertex -7.19131 26.1467 3.2
      vertex -7.16533 25.7943 3.2
      vertex -2.98555 26.2059 3.2
    endloop
  endfacet
  facet normal -0 0 1
    outer loop
      vertex -7.16533 25.7943 3.2
      vertex -7.12207 25.4435 3.2
      vertex -2.96753 26.0598 3.2
    endloop
  endfacet
  facet normal 0 0 1
    outer loop
      vertex -2.96753 26.0598 3.2
      vertex -7.06165 25.0953 3.2
      vertex -2.94235 25.9147 3.2
    endloop
  endfacet
  facet normal 0 0 1
    outer loop
      vertex -2.82463 25.4893 3.2
      vertex -6.77263 24.0576 3.2
      vertex -2.77164 25.3519 3.2
    endloop
  endfacet
  facet normal -0 0 1
    outer loop
      vertex -6.77911 24.0744 3.2
      vertex -6.77263 24.0576 3.2
      vertex -2.82463 25.4893 3.2
    endloop
  endfacet
  facet normal 0 0 1
    outer loop
      vertex -6.77263 24.0576 3.2
      vertex -2.64575 25.0858 3.2
      vertex -2.71196 25.2173 3.2
    endloop
  endfacet
  facet normal 0 0 1
    outer loop
      vertex -2.94235 25.9147 3.2
      vertex -6.98422 24.7505 3.2
      vertex -2.91008 25.7711 3.2
    endloop
  endfacet
  facet normal 0 0 1
    outer loop
      vertex -6.77263 24.0576 3.2
      vertex -2.12131 24.3787 3.2
      vertex -2.22284 24.4853 3.2
    endloop
  endfacet
  facet normal 0 0 1
    outer loop
      vertex -1.90317 24.181 3.2
      vertex -2.01466 24.2771 3.2
      vertex -6.77263 24.0576 3.2
    endloop
  endfacet
  facet normal 0 0 1
    outer loop
      vertex 0 23.5 3.2
      vertex -1.22668 -24.9699 3.2
      vertex 0 -25 3.2
    endloop
  endfacet
  facet normal 0 0 1
    outer loop
      vertex -0.585266 23.5576 3.2
      vertex -11.7849 22.048 3.2
      vertex -12.8526 21.4432 3.2
    endloop
  endfacet
  facet normal 0 0 1
    outer loop
      vertex -1.78709 24.0904 3.2
      vertex -6.77263 24.0576 3.2
      vertex -1.6667 24.0056 3.2
    endloop
  endfacet
  facet normal 0 0 1
    outer loop
      vertex -9.56708 23.097 3.2
      vertex -0.728928 23.5899 3.2
      vertex -0.87085 23.6292 3.2
    endloop
  endfacet
  facet normal 0 0 1
    outer loop
      vertex -1.01067 23.6754 3.2
      vertex -6.77263 24.0576 3.2
      vertex -7.25711 23.9235 3.2
    endloop
  endfacet
  facet normal 0 0 1
    outer loop
      vertex -3.70154 32.6756 3.2
      vertex -4.00009 32.4866 3.2
      vertex -1.5423 29.0732 3.2
    endloop
  endfacet
  facet normal 0 0 1
    outer loop
      vertex -0.585266 23.5576 3.2
      vertex -12.8526 21.4432 3.2
      vertex -13.8893 20.7867 3.2
    endloop
  endfacet
  facet normal 0 0 1
    outer loop
      vertex -0.585266 23.5576 3.2
      vertex -13.8893 20.7867 3.2
      vertex -14.8925 20.0802 3.2
    endloop
  endfacet
  facet normal 0 0 1
    outer loop
      vertex -0.585266 23.5576 3.2
      vertex -14.8925 20.0802 3.2
      vertex -0.440186 23.5325 3.2
    endloop
  endfacet
  facet normal -0 0 1
    outer loop
      vertex -14.8925 20.0802 3.2
      vertex -15.8598 19.3253 3.2
      vertex -0.440186 23.5325 3.2
    endloop
  endfacet
  facet normal -0 0 1
    outer loop
      vertex -15.8598 19.3253 3.2
      vertex -16.789 18.5238 3.2
      vertex -0.440186 23.5325 3.2
    endloop
  endfacet
  facet normal -0 0 1
    outer loop
      vertex -16.789 18.5238 3.2
      vertex -17.6777 17.6777 3.2
      vertex -0.440186 23.5325 3.2
    endloop
  endfacet
  facet normal -0 0 1
    outer loop
      vertex -17.6777 17.6777 3.2
      vertex -18.5238 16.789 3.2
      vertex -0.440186 23.5325 3.2
    endloop
  endfacet
  facet normal 0 0 1
    outer loop
      vertex -18.5238 16.789 3.2
      vertex -0.294037 23.5144 3.2
      vertex -0.440186 23.5325 3.2
    endloop
  endfacet
  facet normal 0 0 1
    outer loop
      vertex -19.3253 15.8598 3.2
      vertex -0.294037 23.5144 3.2
      vertex -18.5238 16.789 3.2
    endloop
  endfacet
  facet normal 0 0 1
    outer loop
      vertex -20.0802 14.8925 3.2
      vertex -0.294037 23.5144 3.2
      vertex -19.3253 15.8598 3.2
    endloop
  endfacet
  facet normal 0 0 1
    outer loop
      vertex -20.7867 13.8893 3.2
      vertex -0.294037 23.5144 3.2
      vertex -20.0802 14.8925 3.2
    endloop
  endfacet
  facet normal 0 0 1
    outer loop
      vertex -21.4432 12.8526 3.2
      vertex -0.294037 23.5144 3.2
      vertex -20.7867 13.8893 3.2
    endloop
  endfacet
  facet normal 0 0 1
    outer loop
      vertex -22.048 11.7849 3.2
      vertex -0.294037 23.5144 3.2
      vertex -21.4432 12.8526 3.2
    endloop
  endfacet
  facet normal 0 0 1
    outer loop
      vertex -22.5997 10.6889 3.2
      vertex -0.294037 23.5144 3.2
      vertex -22.048 11.7849 3.2
    endloop
  endfacet
  facet normal 0 0 1
    outer loop
      vertex -23.097 9.56708 3.2
      vertex -0.294037 23.5144 3.2
      vertex -22.5997 10.6889 3.2
    endloop
  endfacet
  facet normal 0 0 1
    outer loop
      vertex -23.5386 8.42224 3.2
      vertex -0.294037 23.5144 3.2
      vertex -23.097 9.56708 3.2
    endloop
  endfacet
  facet normal 0 0 1
    outer loop
      vertex -23.9235 7.25711 3.2
      vertex -0.294037 23.5144 3.2
      vertex -23.5386 8.42224 3.2
    endloop
  endfacet
  facet normal 0 0 1
    outer loop
      vertex -0.147202 23.5036 3.2
      vertex -0.294037 23.5144 3.2
      vertex -23.9235 7.25711 3.2
    endloop
  endfacet
  facet normal 0 0 1
    outer loop
      vertex -0.147202 23.5036 3.2
      vertex -23.9235 7.25711 3.2
      vertex -24.2508 6.07449 3.2
    endloop
  endfacet
  facet normal 0 0 1
    outer loop
      vertex -0.147202 23.5036 3.2
      vertex -24.2508 6.07449 3.2
      vertex -24.5196 4.87724 3.2
    endloop
  endfacet
  facet normal 0 0 1
    outer loop
      vertex -0.147202 23.5036 3.2
      vertex -24.5196 4.87724 3.2
      vertex -24.7294 3.66826 3.2
    endloop
  endfacet
  facet normal 0 0 1
    outer loop
      vertex -0.147202 23.5036 3.2
      vertex -24.7294 3.66826 3.2
      vertex -24.8796 2.45042 3.2
    endloop
  endfacet
  facet normal 0 0 1
    outer loop
      vertex -0.147202 23.5036 3.2
      vertex -24.8796 2.45042 3.2
      vertex -24.9699 1.22668 3.2
    endloop
  endfacet
  facet normal 0 0 1
    outer loop
      vertex -0.147202 23.5036 3.2
      vertex -24.9699 1.22668 3.2
      vertex -25 0 3.2
    endloop
  endfacet
  facet normal 0 0 1
    outer loop
      vertex -0.147202 23.5036 3.2
      vertex -25 0 3.2
      vertex -24.9699 -1.22668 3.2
    endloop
  endfacet
  facet normal 0 0 1
    outer loop
      vertex -0.147202 23.5036 3.2
      vertex -24.9699 -1.22668 3.2
      vertex -24.8796 -2.45042 3.2
    endloop
  endfacet
  facet normal 0 0 1
    outer loop
      vertex -0.147202 23.5036 3.2
      vertex -24.8796 -2.45042 3.2
      vertex -24.7294 -3.66826 3.2
    endloop
  endfacet
  facet normal 0 0 1
    outer loop
      vertex -0.147202 23.5036 3.2
      vertex -24.7294 -3.66826 3.2
      vertex -24.5196 -4.87724 3.2
    endloop
  endfacet
  facet normal 0 0 1
    outer loop
      vertex -0.147202 23.5036 3.2
      vertex -24.5196 -4.87724 3.2
      vertex -24.2508 -6.07449 3.2
    endloop
  endfacet
  facet normal 0 0 1
    outer loop
      vertex -0.147202 23.5036 3.2
      vertex -24.2508 -6.07449 3.2
      vertex -23.9235 -7.25711 3.2
    endloop
  endfacet
  facet normal 0 0 1
    outer loop
      vertex -0.147202 23.5036 3.2
      vertex -23.9235 -7.25711 3.2
      vertex -23.5386 -8.42224 3.2
    endloop
  endfacet
  facet normal 0 0 1
    outer loop
      vertex -0.147202 23.5036 3.2
      vertex -23.5386 -8.42224 3.2
      vertex -23.097 -9.56708 3.2
    endloop
  endfacet
  facet normal 0 0 1
    outer loop
      vertex -0.147202 23.5036 3.2
      vertex -23.097 -9.56708 3.2
      vertex -22.5997 -10.6889 3.2
    endloop
  endfacet
  facet normal 0 0 1
    outer loop
      vertex -0.147202 23.5036 3.2
      vertex -22.5997 -10.6889 3.2
      vertex -22.048 -11.7849 3.2
    endloop
  endfacet
  facet normal 0 0 1
    outer loop
      vertex -0.147202 23.5036 3.2
      vertex -22.048 -11.7849 3.2
      vertex -21.4432 -12.8526 3.2
    endloop
  endfacet
  facet normal 0 0 1
    outer loop
      vertex -0.147202 23.5036 3.2
      vertex -21.4432 -12.8526 3.2
      vertex -20.7867 -13.8893 3.2
    endloop
  endfacet
  facet normal 0 0 1
    outer loop
      vertex -0.147202 23.5036 3.2
      vertex -20.7867 -13.8893 3.2
      vertex -20.0802 -14.8925 3.2
    endloop
  endfacet
  facet normal 0 0 1
    outer loop
      vertex -0.147202 23.5036 3.2
      vertex -20.0802 -14.8925 3.2
      vertex -19.3253 -15.8598 3.2
    endloop
  endfacet
  facet normal 0 0 1
    outer loop
      vertex -0.147202 23.5036 3.2
      vertex -19.3253 -15.8598 3.2
      vertex -18.5238 -16.789 3.2
    endloop
  endfacet
  facet normal 0 0 1
    outer loop
      vertex 0 23.5 3.2
      vertex -18.5238 -16.789 3.2
      vertex -17.6777 -17.6777 3.2
    endloop
  endfacet
  facet normal 0 0 1
    outer loop
      vertex -0.147202 23.5036 3.2
      vertex -18.5238 -16.789 3.2
      vertex 0 23.5 3.2
    endloop
  endfacet
  facet normal 0 0 1
    outer loop
      vertex 0 23.5 3.2
      vertex -16.789 -18.5238 3.2
      vertex -15.8598 -19.3253 3.2
    endloop
  endfacet
  facet normal -0 0 1
    outer loop
      vertex -17.6777 -17.6777 3.2
      vertex -16.789 -18.5238 3.2
      vertex 0 23.5 3.2
    endloop
  endfacet
  facet normal -0 0 1
    outer loop
      vertex -15.8598 -19.3253 3.2
      vertex -14.8925 -20.0802 3.2
      vertex 0 23.5 3.2
    endloop
  endfacet
  facet normal -0 0 1
    outer loop
      vertex -14.8925 -20.0802 3.2
      vertex -13.8893 -20.7867 3.2
      vertex 0 23.5 3.2
    endloop
  endfacet
  facet normal -0 0 1
    outer loop
      vertex -13.8893 -20.7867 3.2
      vertex -12.8526 -21.4432 3.2
      vertex 0 23.5 3.2
    endloop
  endfacet
  facet normal -0 0 1
    outer loop
      vertex -12.8526 -21.4432 3.2
      vertex -11.7849 -22.048 3.2
      vertex 0 23.5 3.2
    endloop
  endfacet
  facet normal 0 0 1
    outer loop
      vertex 0 23.5 3.2
      vertex -10.6889 -22.5997 3.2
      vertex -9.56708 -23.097 3.2
    endloop
  endfacet
  facet normal -0 0 1
    outer loop
      vertex -11.7849 -22.048 3.2
      vertex -10.6889 -22.5997 3.2
      vertex 0 23.5 3.2
    endloop
  endfacet
  facet normal -0 0 1
    outer loop
      vertex -9.56708 -23.097 3.2
      vertex -8.42224 -23.5386 3.2
      vertex 0 23.5 3.2
    endloop
  endfacet
  facet normal 0 0 1
    outer loop
      vertex 0 23.5 3.2
      vertex -7.25711 -23.9235 3.2
      vertex -6.07449 -24.2508 3.2
    endloop
  endfacet
  facet normal -0 0 1
    outer loop
      vertex -8.42224 -23.5386 3.2
      vertex -7.25711 -23.9235 3.2
      vertex 0 23.5 3.2
    endloop
  endfacet
  facet normal -0 0 1
    outer loop
      vertex -6.07449 -24.2508 3.2
      vertex -4.87724 -24.5196 3.2
      vertex 0 23.5 3.2
    endloop
  endfacet
  facet normal -0 0 1
    outer loop
      vertex -4.87724 -24.5196 3.2
      vertex -3.66826 -24.7294 3.2
      vertex 0 23.5 3.2
    endloop
  endfacet
  facet normal -0 0 1
    outer loop
      vertex -3.66826 -24.7294 3.2
      vertex -2.45042 -24.8796 3.2
      vertex 0 23.5 3.2
    endloop
  endfacet
  facet normal -0 0 1
    outer loop
      vertex -2.45042 -24.8796 3.2
      vertex -1.22668 -24.9699 3.2
      vertex 0 23.5 3.2
    endloop
  endfacet
  facet normal 0 0 1
    outer loop
      vertex 0 23.5 3.2
      vertex 0 -25 3.2
      vertex 1.22668 -24.9699 3.2
    endloop
  endfacet
  facet normal 0 0 1
    outer loop
      vertex 2.45042 -24.8796 3.2
      vertex 0 23.5 3.2
      vertex 1.22668 -24.9699 3.2
    endloop
  endfacet
  facet normal 0 0 1
    outer loop
      vertex 7.06165 27.9046 3.2
      vertex 6.98422 28.2495 3.2
      vertex 2.94235 27.0853 3.2
    endloop
  endfacet
  facet normal 0 0 1
    outer loop
      vertex -0.728928 23.5899 3.2
      vertex -11.7849 22.048 3.2
      vertex -0.585266 23.5576 3.2
    endloop
  endfacet
  facet normal 0 0 1
    outer loop
      vertex -11.7849 22.048 3.2
      vertex -0.728928 23.5899 3.2
      vertex -10.6889 22.5997 3.2
    endloop
  endfacet
  facet normal 0 0 1
    outer loop
      vertex -8.42224 23.5386 3.2
      vertex -0.87085 23.6292 3.2
      vertex -1.01067 23.6754 3.2
    endloop
  endfacet
  facet normal -0 0 1
    outer loop
      vertex -8.42224 23.5386 3.2
      vertex -9.56708 23.097 3.2
      vertex -0.87085 23.6292 3.2
    endloop
  endfacet
  facet normal 0 0 1
    outer loop
      vertex -8.42224 23.5386 3.2
      vertex -1.01067 23.6754 3.2
      vertex -7.25711 23.9235 3.2
    endloop
  endfacet
  facet normal 0 0 1
    outer loop
      vertex -6.77263 24.0576 3.2
      vertex -1.14804 23.7283 3.2
      vertex -1.28265 23.788 3.2
    endloop
  endfacet
  facet normal 0 0 1
    outer loop
      vertex -6.77263 24.0576 3.2
      vertex -1.01067 23.6754 3.2
      vertex -1.14804 23.7283 3.2
    endloop
  endfacet
  facet normal 0 0 1
    outer loop
      vertex -1.5423 23.9268 3.2
      vertex -6.77263 24.0576 3.2
      vertex -1.41418 23.8542 3.2
    endloop
  endfacet
  facet normal 0 0 1
    outer loop
      vertex -1.41418 23.8542 3.2
      vertex -6.77263 24.0576 3.2
      vertex -1.28265 23.788 3.2
    endloop
  endfacet
  facet normal 0 0 1
    outer loop
      vertex -1.6667 24.0056 3.2
      vertex -6.77263 24.0576 3.2
      vertex -1.5423 23.9268 3.2
    endloop
  endfacet
  facet normal 0 0 1
    outer loop
      vertex -1.78709 24.0904 3.2
      vertex -1.90317 24.181 3.2
      vertex -6.77263 24.0576 3.2
    endloop
  endfacet
  facet normal 0 0 1
    outer loop
      vertex -6.77263 24.0576 3.2
      vertex -2.01466 24.2771 3.2
      vertex -2.12131 24.3787 3.2
    endloop
  endfacet
  facet normal 0 0 1
    outer loop
      vertex -2.31903 24.5968 3.2
      vertex -2.40962 24.7129 3.2
      vertex -6.77263 24.0576 3.2
    endloop
  endfacet
  facet normal 0 0 1
    outer loop
      vertex -2.22284 24.4853 3.2
      vertex -2.31903 24.5968 3.2
      vertex -6.77263 24.0576 3.2
    endloop
  endfacet
  facet normal 0 0 1
    outer loop
      vertex -6.77263 24.0576 3.2
      vertex -2.4944 24.8333 3.2
      vertex -2.57318 24.9577 3.2
    endloop
  endfacet
  facet normal 0 0 1
    outer loop
      vertex -6.77263 24.0576 3.2
      vertex -2.40962 24.7129 3.2
      vertex -2.4944 24.8333 3.2
    endloop
  endfacet
  facet normal 0 0 1
    outer loop
      vertex -6.77263 24.0576 3.2
      vertex -2.57318 24.9577 3.2
      vertex -2.64575 25.0858 3.2
    endloop
  endfacet
  facet normal 0 0 1
    outer loop
      vertex -2.77164 25.3519 3.2
      vertex -6.77263 24.0576 3.2
      vertex -2.71196 25.2173 3.2
    endloop
  endfacet
  facet normal 0 0 1
    outer loop
      vertex -6.77911 24.0744 3.2
      vertex -2.82463 25.4893 3.2
      vertex -2.87082 25.6291 3.2
    endloop
  endfacet
  facet normal 0 0 1
    outer loop
      vertex -2.87082 25.6291 3.2
      vertex -6.98422 24.7505 3.2
      vertex -6.88997 24.4099 3.2
    endloop
  endfacet
  facet normal 0 -0 1
    outer loop
      vertex -6.77911 24.0744 3.2
      vertex -2.87082 25.6291 3.2
      vertex -6.88997 24.4099 3.2
    endloop
  endfacet
  facet normal 0 0 1
    outer loop
      vertex -2.91008 25.7711 3.2
      vertex -6.98422 24.7505 3.2
      vertex -2.87082 25.6291 3.2
    endloop
  endfacet
  facet normal 0 0 1
    outer loop
      vertex -2.94235 25.9147 3.2
      vertex -7.06165 25.0953 3.2
      vertex -6.98422 24.7505 3.2
    endloop
  endfacet
  facet normal 0 0 1
    outer loop
      vertex -2.96753 26.0598 3.2
      vertex -7.12207 25.4435 3.2
      vertex -7.06165 25.0953 3.2
    endloop
  endfacet
  facet normal 0 0 1
    outer loop
      vertex -2.98555 26.2059 3.2
      vertex -7.16533 25.7943 3.2
      vertex -2.96753 26.0598 3.2
    endloop
  endfacet
  facet normal 0 0 1
    outer loop
      vertex -2.99638 26.3528 3.2
      vertex -7.19131 26.1467 3.2
      vertex -2.98555 26.2059 3.2
    endloop
  endfacet
  facet normal 0 0 1
    outer loop
      vertex -3 26.5 3.2
      vertex -7.2 26.5 3.2
      vertex -7.19131 26.1467 3.2
    endloop
  endfacet
  facet normal 0 0 1
    outer loop
      vertex -2.99638 26.6472 3.2
      vertex -7.19131 26.8533 3.2
      vertex -3 26.5 3.2
    endloop
  endfacet
  facet normal 0 -0 1
    outer loop
      vertex -2.98555 26.794 3.2
      vertex -2.96753 26.9402 3.2
      vertex -7.16533 27.2057 3.2
    endloop
  endfacet
  facet normal -0 0 1
    outer loop
      vertex -7.19131 26.8533 3.2
      vertex -2.98555 26.794 3.2
      vertex -7.16533 27.2057 3.2
    endloop
  endfacet
  facet normal 0 0 1
    outer loop
      vertex -2.96753 26.9402 3.2
      vertex -7.12207 27.5565 3.2
      vertex -7.16533 27.2057 3.2
    endloop
  endfacet
  facet normal 0 0 1
    outer loop
      vertex -2.94235 27.0853 3.2
      vertex -7.06165 27.9046 3.2
      vertex -2.96753 26.9402 3.2
    endloop
  endfacet
  facet normal 0 -0 1
    outer loop
      vertex -2.91008 27.2289 3.2
      vertex -2.87082 27.3708 3.2
      vertex -6.98422 28.2495 3.2
    endloop
  endfacet
  facet normal 0 -0 1
    outer loop
      vertex -2.94235 27.0853 3.2
      vertex -2.91008 27.2289 3.2
      vertex -6.98422 28.2495 3.2
    endloop
  endfacet
  facet normal 0 0 1
    outer loop
      vertex -2.87082 27.3708 3.2
      vertex -6.88997 28.59 3.2
      vertex -6.98422 28.2495 3.2
    endloop
  endfacet
  facet normal 0 0 1
    outer loop
      vertex -2.82463 27.5107 3.2
      vertex -6.77911 28.9256 3.2
      vertex -2.87082 27.3708 3.2
    endloop
  endfacet
  facet normal 0 0 1
    outer loop
      vertex -2.77164 27.648 3.2
      vertex -6.65193 29.2553 3.2
      vertex -2.82463 27.5107 3.2
    endloop
  endfacet
  facet normal 0 0 1
    outer loop
      vertex -2.71196 27.7827 3.2
      vertex -6.50871 29.5784 3.2
      vertex -2.77164 27.648 3.2
    endloop
  endfacet
  facet normal 0 0 1
    outer loop
      vertex -2.64575 27.9142 3.2
      vertex -6.34982 29.894 3.2
      vertex -2.71196 27.7827 3.2
    endloop
  endfacet
  facet normal 0 0 1
    outer loop
      vertex -2.57318 28.0423 3.2
      vertex -6.17564 30.2015 3.2
      vertex -6.34982 29.894 3.2
    endloop
  endfacet
  facet normal 0 0 1
    outer loop
      vertex -2.4944 28.1667 3.2
      vertex -5.98657 30.5001 3.2
      vertex -2.57318 28.0423 3.2
    endloop
  endfacet
  facet normal 0 0 1
    outer loop
      vertex -2.40962 28.2871 3.2
      vertex -5.78308 30.789 3.2
      vertex -5.98657 30.5001 3.2
    endloop
  endfacet
  facet normal 0 0 1
    outer loop
      vertex -2.31903 28.4032 3.2
      vertex -5.56567 31.0676 3.2
      vertex -2.40962 28.2871 3.2
    endloop
  endfacet
  facet normal 0 0 1
    outer loop
      vertex -2.22284 28.5147 3.2
      vertex -5.33484 31.3352 3.2
      vertex -2.31903 28.4032 3.2
    endloop
  endfacet
  facet normal 0 0 1
    outer loop
      vertex -2.12131 28.6213 3.2
      vertex -5.09116 31.5912 3.2
      vertex -2.22284 28.5147 3.2
    endloop
  endfacet
  facet normal 0 0 1
    outer loop
      vertex -2.01466 28.7228 3.2
      vertex -4.83522 31.8348 3.2
      vertex -5.09116 31.5912 3.2
    endloop
  endfacet
  facet normal 0 0 1
    outer loop
      vertex -1.90317 28.819 3.2
      vertex -4.56763 32.0657 3.2
      vertex -4.83522 31.8348 3.2
    endloop
  endfacet
  facet normal 0 0 1
    outer loop
      vertex -1.78709 28.9096 3.2
      vertex -4.28903 32.2831 3.2
      vertex -4.56763 32.0657 3.2
    endloop
  endfacet
  facet normal 0 0 1
    outer loop
      vertex -1.6667 28.9944 3.2
      vertex -4.00009 32.4866 3.2
      vertex -1.78709 28.9096 3.2
    endloop
  endfacet
  facet normal -0 0 1
    outer loop
      vertex -3.70154 32.6756 3.2
      vertex -1.5423 29.0732 3.2
      vertex -3.39404 32.8498 3.2
    endloop
  endfacet
  facet normal 0 -0 1
    outer loop
      vertex -1.41418 29.1458 3.2
      vertex -1.28265 29.212 3.2
      vertex -3.39404 32.8498 3.2
    endloop
  endfacet
  facet normal 0 -0 1
    outer loop
      vertex -1.5423 29.0732 3.2
      vertex -1.41418 29.1458 3.2
      vertex -3.39404 32.8498 3.2
    endloop
  endfacet
  facet normal 0 0 1
    outer loop
      vertex -1.28265 29.212 3.2
      vertex -3.07838 33.0087 3.2
      vertex -3.39404 32.8498 3.2
    endloop
  endfacet
  facet normal 0 0 1
    outer loop
      vertex -2.75531 33.1519 3.2
      vertex -1.14804 29.2716 3.2
      vertex -1.01067 29.3246 3.2
    endloop
  endfacet
  facet normal 0 0 1
    outer loop
      vertex -2.4256 33.2791 3.2
      vertex -1.01067 29.3246 3.2
      vertex -0.87085 29.3708 3.2
    endloop
  endfacet
  facet normal 0 0 1
    outer loop
      vertex -0.87085 29.3708 3.2
      vertex -1.74945 33.4842 3.2
      vertex -2.09004 33.39 3.2
    endloop
  endfacet
  facet normal -0 0 1
    outer loop
      vertex -2.4256 33.2791 3.2
      vertex -0.87085 29.3708 3.2
      vertex -2.09004 33.39 3.2
    endloop
  endfacet
  facet normal 0 0 1
    outer loop
      vertex -0.728928 29.4101 3.2
      vertex -1.74945 33.4842 3.2
      vertex -0.87085 29.3708 3.2
    endloop
  endfacet
  facet normal 0 0 1
    outer loop
      vertex -0.585266 29.4424 3.2
      vertex -1.40465 33.5616 3.2
      vertex -1.74945 33.4842 3.2
    endloop
  endfacet
  facet normal -0 0 1
    outer loop
      vertex -1.05646 33.6221 3.2
      vertex -0.440186 29.4675 3.2
      vertex -0.705719 33.6653 3.2
    endloop
  endfacet
  facet normal -0 0 1
    outer loop
      vertex -0.705719 33.6653 3.2
      vertex -0.294037 29.4855 3.2
      vertex -0.353287 33.6913 3.2
    endloop
  endfacet
  facet normal 0 0 1
    outer loop
      vertex -0.147202 29.4964 3.2
      vertex -0.353287 33.6913 3.2
      vertex -0.294037 29.4855 3.2
    endloop
  endfacet
  facet normal 0 0 1
    outer loop
      vertex 0 33.7 3.2
      vertex 0 29.5 3.2
      vertex 0.353287 33.6913 3.2
    endloop
  endfacet
  facet normal 0 -0 1
    outer loop
      vertex 0.147202 29.4964 3.2
      vertex 0.353287 33.6913 3.2
      vertex 0 29.5 3.2
    endloop
  endfacet
  facet normal -0 0 1
    outer loop
      vertex 0.294037 29.4855 3.2
      vertex 0.440186 29.4675 3.2
      vertex 0.705719 33.6653 3.2
    endloop
  endfacet
  facet normal 0 0 1
    outer loop
      vertex 0.353287 33.6913 3.2
      vertex 0.294037 29.4855 3.2
      vertex 0.705719 33.6653 3.2
    endloop
  endfacet
  facet normal 0 0 1
    outer loop
      vertex 0.440186 29.4675 3.2
      vertex 1.05646 33.6221 3.2
      vertex 0.705719 33.6653 3.2
    endloop
  endfacet
  facet normal 0 0 1
    outer loop
      vertex 1.40465 33.5616 3.2
      vertex 0.585266 29.4424 3.2
      vertex 1.74945 33.4842 3.2
    endloop
  endfacet
  facet normal 0 -0 1
    outer loop
      vertex 0.728928 29.4101 3.2
      vertex 1.74945 33.4842 3.2
      vertex 0.585266 29.4424 3.2
    endloop
  endfacet
  facet normal 0 0 1
    outer loop
      vertex 0.87085 29.3708 3.2
      vertex 2.09004 33.39 3.2
      vertex 1.74945 33.4842 3.2
    endloop
  endfacet
  facet normal 0 -0 1
    outer loop
      vertex 1.01067 29.3246 3.2
      vertex 2.4256 33.2791 3.2
      vertex 0.87085 29.3708 3.2
    endloop
  endfacet
  facet normal 0 0 1
    outer loop
      vertex 2.75531 33.1519 3.2
      vertex 1.14804 29.2716 3.2
      vertex 3.07838 33.0087 3.2
    endloop
  endfacet
  facet normal 0 -0 1
    outer loop
      vertex 1.28265 29.212 3.2
      vertex 3.07838 33.0087 3.2
      vertex 1.14804 29.2716 3.2
    endloop
  endfacet
  facet normal 0 0 1
    outer loop
      vertex 3.39404 32.8498 3.2
      vertex 1.41418 29.1458 3.2
      vertex 1.5423 29.0732 3.2
    endloop
  endfacet
  facet normal 0 0 1
    outer loop
      vertex 3.70154 32.6756 3.2
      vertex 1.5423 29.0732 3.2
      vertex 4.00009 32.4866 3.2
    endloop
  endfacet
  facet normal 0 -0 1
    outer loop
      vertex 1.6667 28.9944 3.2
      vertex 4.00009 32.4866 3.2
      vertex 1.5423 29.0732 3.2
    endloop
  endfacet
  facet normal 0 0 1
    outer loop
      vertex 4.28903 32.2831 3.2
      vertex 1.78709 28.9096 3.2
      vertex 4.56763 32.0657 3.2
    endloop
  endfacet
  facet normal 0 0 1
    outer loop
      vertex 4.56763 32.0657 3.2
      vertex 1.90317 28.819 3.2
      vertex 4.83522 31.8348 3.2
    endloop
  endfacet
  facet normal 0 0 1
    outer loop
      vertex 4.83522 31.8348 3.2
      vertex 2.01466 28.7228 3.2
      vertex 5.09116 31.5912 3.2
    endloop
  endfacet
  facet normal 0 0 1
    outer loop
      vertex 5.09116 31.5912 3.2
      vertex 2.12131 28.6213 3.2
      vertex 2.22284 28.5147 3.2
    endloop
  endfacet
  facet normal 0 0 1
    outer loop
      vertex 2.22284 28.5147 3.2
      vertex 5.33484 31.3352 3.2
      vertex 5.09116 31.5912 3.2
    endloop
  endfacet
  facet normal 0 0 1
    outer loop
      vertex 5.56567 31.0676 3.2
      vertex 2.31903 28.4032 3.2
      vertex 2.40962 28.2871 3.2
    endloop
  endfacet
  facet normal 0 0 1
    outer loop
      vertex 5.78308 30.789 3.2
      vertex 2.40962 28.2871 3.2
      vertex 5.98657 30.5001 3.2
    endloop
  endfacet
  facet normal 0 0 1
    outer loop
      vertex 5.98657 30.5001 3.2
      vertex 2.4944 28.1667 3.2
      vertex 2.57318 28.0423 3.2
    endloop
  endfacet
  facet normal 0 0 1
    outer loop
      vertex 2.57318 28.0423 3.2
      vertex 6.34982 29.894 3.2
      vertex 6.17564 30.2015 3.2
    endloop
  endfacet
  facet normal 0 0 1
    outer loop
      vertex 5.98657 30.5001 3.2
      vertex 2.57318 28.0423 3.2
      vertex 6.17564 30.2015 3.2
    endloop
  endfacet
  facet normal -0 0 1
    outer loop
      vertex 2.64575 27.9142 3.2
      vertex 2.71196 27.7827 3.2
      vertex 6.34982 29.894 3.2
    endloop
  endfacet
  facet normal -0 0 1
    outer loop
      vertex 2.57318 28.0423 3.2
      vertex 2.64575 27.9142 3.2
      vertex 6.34982 29.894 3.2
    endloop
  endfacet
  facet normal -0 0 1
    outer loop
      vertex 2.71196 27.7827 3.2
      vertex 2.77164 27.648 3.2
      vertex 6.50871 29.5784 3.2
    endloop
  endfacet
  facet normal 0 0 1
    outer loop
      vertex 6.34982 29.894 3.2
      vertex 2.71196 27.7827 3.2
      vertex 6.50871 29.5784 3.2
    endloop
  endfacet
  facet normal -0 0 1
    outer loop
      vertex 2.77164 27.648 3.2
      vertex 2.82463 27.5107 3.2
      vertex 6.65193 29.2553 3.2
    endloop
  endfacet
  facet normal 0 0 1
    outer loop
      vertex 6.50871 29.5784 3.2
      vertex 2.77164 27.648 3.2
      vertex 6.65193 29.2553 3.2
    endloop
  endfacet
  facet normal -0 0 1
    outer loop
      vertex 2.82463 27.5107 3.2
      vertex 2.87082 27.3708 3.2
      vertex 6.77911 28.9256 3.2
    endloop
  endfacet
  facet normal 0 0 1
    outer loop
      vertex 6.65193 29.2553 3.2
      vertex 2.82463 27.5107 3.2
      vertex 6.77911 28.9256 3.2
    endloop
  endfacet
  facet normal 0 0 1
    outer loop
      vertex 2.87082 27.3708 3.2
      vertex 6.98422 28.2495 3.2
      vertex 6.88997 28.59 3.2
    endloop
  endfacet
  facet normal 0 0 1
    outer loop
      vertex 6.77911 28.9256 3.2
      vertex 2.87082 27.3708 3.2
      vertex 6.88997 28.59 3.2
    endloop
  endfacet
  facet normal -0 0 1
    outer loop
      vertex 2.91008 27.2289 3.2
      vertex 2.94235 27.0853 3.2
      vertex 6.98422 28.2495 3.2
    endloop
  endfacet
  facet normal -0 0 1
    outer loop
      vertex 2.87082 27.3708 3.2
      vertex 2.91008 27.2289 3.2
      vertex 6.98422 28.2495 3.2
    endloop
  endfacet
  facet normal 0 0 1
    outer loop
      vertex 7.06165 27.9046 3.2
      vertex 2.94235 27.0853 3.2
      vertex 2.96753 26.9402 3.2
    endloop
  endfacet
  facet normal 0 0 1
    outer loop
      vertex 7.06165 27.9046 3.2
      vertex 2.96753 26.9402 3.2
      vertex 7.12207 27.5565 3.2
    endloop
  endfacet
  facet normal 0 0 1
    outer loop
      vertex 2.96753 26.9402 3.2
      vertex 7.16533 27.2057 3.2
      vertex 7.12207 27.5565 3.2
    endloop
  endfacet
  facet normal 0 -0 1
    outer loop
      vertex 2.98555 26.794 3.2
      vertex 7.16533 27.2057 3.2
      vertex 2.96753 26.9402 3.2
    endloop
  endfacet
  facet normal 0 0 1
    outer loop
      vertex 7.19131 26.8533 3.2
      vertex 7.16533 27.2057 3.2
      vertex 2.98555 26.794 3.2
    endloop
  endfacet
  facet normal 0 0 1
    outer loop
      vertex 7.19131 26.8533 3.2
      vertex 2.98555 26.794 3.2
      vertex 2.99638 26.6472 3.2
    endloop
  endfacet
  facet normal 0 0 1
    outer loop
      vertex 7.19131 26.8533 3.2
      vertex 2.99638 26.6472 3.2
      vertex 3 26.5 3.2
    endloop
  endfacet
  facet normal 0 0 1
    outer loop
      vertex 7.19131 26.8533 3.2
      vertex 3 26.5 3.2
      vertex 7.2 26.5 3.2
    endloop
  endfacet
  facet normal -0 0 1
    outer loop
      vertex 3 26.5 3.2
      vertex 7.19131 26.1467 3.2
      vertex 7.2 26.5 3.2
    endloop
  endfacet
  facet normal -0 0 1
    outer loop
      vertex 2.99638 26.3528 3.2
      vertex 7.19131 26.1467 3.2
      vertex 3 26.5 3.2
    endloop
  endfacet
  facet normal -0 0 1
    outer loop
      vertex 2.98555 26.2059 3.2
      vertex 7.19131 26.1467 3.2
      vertex 2.99638 26.3528 3.2
    endloop
  endfacet
  facet normal 0 -0 1
    outer loop
      vertex 7.16533 25.7943 3.2
      vertex 7.19131 26.1467 3.2
      vertex 2.98555 26.2059 3.2
    endloop
  endfacet
  facet normal 0 0 1
    outer loop
      vertex 7.16533 25.7943 3.2
      vertex 2.98555 26.2059 3.2
      vertex 2.96753 26.0598 3.2
    endloop
  endfacet
  facet normal 0 0 1
    outer loop
      vertex 7.16533 25.7943 3.2
      vertex 2.96753 26.0598 3.2
      vertex 7.12207 25.4435 3.2
    endloop
  endfacet
  facet normal 0 0 1
    outer loop
      vertex 2.96753 26.0598 3.2
      vertex 7.06165 25.0953 3.2
      vertex 7.12207 25.4435 3.2
    endloop
  endfacet
  facet normal -0 0 1
    outer loop
      vertex 2.94235 25.9147 3.2
      vertex 7.06165 25.0953 3.2
      vertex 2.96753 26.0598 3.2
    endloop
  endfacet
  facet normal 0 -0 1
    outer loop
      vertex 6.98422 24.7505 3.2
      vertex 7.06165 25.0953 3.2
      vertex 2.94235 25.9147 3.2
    endloop
  endfacet
  facet normal 0 0 1
    outer loop
      vertex 6.98422 24.7505 3.2
      vertex 2.94235 25.9147 3.2
      vertex 2.91008 25.7711 3.2
    endloop
  endfacet
  facet normal 0 0 1
    outer loop
      vertex 6.98422 24.7505 3.2
      vertex 2.91008 25.7711 3.2
      vertex 2.87082 25.6291 3.2
    endloop
  endfacet
  facet normal 0 0 1
    outer loop
      vertex 6.98422 24.7505 3.2
      vertex 2.87082 25.6291 3.2
      vertex 6.88997 24.4099 3.2
    endloop
  endfacet
  facet normal 0 0 1
    outer loop
      vertex 2.87082 25.6291 3.2
      vertex 6.77911 24.0744 3.2
      vertex 6.88997 24.4099 3.2
    endloop
  endfacet
  facet normal -0 0 1
    outer loop
      vertex 2.82463 25.4893 3.2
      vertex 6.77911 24.0744 3.2
      vertex 2.87082 25.6291 3.2
    endloop
  endfacet
  facet normal 0 -0 1
    outer loop
      vertex 6.77263 24.0576 3.2
      vertex 6.77911 24.0744 3.2
      vertex 2.82463 25.4893 3.2
    endloop
  endfacet
  facet normal 0 0 1
    outer loop
      vertex 6.77263 24.0576 3.2
      vertex 2.82463 25.4893 3.2
      vertex 2.77164 25.3519 3.2
    endloop
  endfacet
  facet normal 0 0 1
    outer loop
      vertex 6.77263 24.0576 3.2
      vertex 2.77164 25.3519 3.2
      vertex 2.71196 25.2173 3.2
    endloop
  endfacet
  facet normal 0 0 1
    outer loop
      vertex 6.77263 24.0576 3.2
      vertex 2.71196 25.2173 3.2
      vertex 2.64575 25.0858 3.2
    endloop
  endfacet
  facet normal 0 0 1
    outer loop
      vertex 6.77263 24.0576 3.2
      vertex 2.64575 25.0858 3.2
      vertex 2.57318 24.9577 3.2
    endloop
  endfacet
  facet normal 0 0 1
    outer loop
      vertex 6.77263 24.0576 3.2
      vertex 2.57318 24.9577 3.2
      vertex 2.4944 24.8333 3.2
    endloop
  endfacet
  facet normal 0 0 1
    outer loop
      vertex 6.77263 24.0576 3.2
      vertex 2.4944 24.8333 3.2
      vertex 2.40962 24.7129 3.2
    endloop
  endfacet
  facet normal 0 0 1
    outer loop
      vertex 6.77263 24.0576 3.2
      vertex 2.40962 24.7129 3.2
      vertex 2.31903 24.5968 3.2
    endloop
  endfacet
  facet normal 0 0 1
    outer loop
      vertex 6.77263 24.0576 3.2
      vertex 2.31903 24.5968 3.2
      vertex 2.22284 24.4853 3.2
    endloop
  endfacet
  facet normal 0 0 1
    outer loop
      vertex 6.77263 24.0576 3.2
      vertex 2.22284 24.4853 3.2
      vertex 2.12131 24.3787 3.2
    endloop
  endfacet
  facet normal 0 0 1
    outer loop
      vertex 6.77263 24.0576 3.2
      vertex 2.12131 24.3787 3.2
      vertex 2.01466 24.2771 3.2
    endloop
  endfacet
  facet normal 0 0 1
    outer loop
      vertex 6.77263 24.0576 3.2
      vertex 2.01466 24.2771 3.2
      vertex 1.90317 24.181 3.2
    endloop
  endfacet
  facet normal 0 0 1
    outer loop
      vertex 6.77263 24.0576 3.2
      vertex 1.90317 24.181 3.2
      vertex 1.78709 24.0904 3.2
    endloop
  endfacet
  facet normal 0 0 1
    outer loop
      vertex 1.5423 23.9268 3.2
      vertex 6.77263 24.0576 3.2
      vertex 1.6667 24.0056 3.2
    endloop
  endfacet
  facet normal -0 0 1
    outer loop
      vertex 1.41418 23.8542 3.2
      vertex 1.28265 23.788 3.2
      vertex 6.77263 24.0576 3.2
    endloop
  endfacet
  facet normal -0 0 1
    outer loop
      vertex 1.28265 23.788 3.2
      vertex 1.14804 23.7283 3.2
      vertex 6.77263 24.0576 3.2
    endloop
  endfacet
  facet normal 0 0 1
    outer loop
      vertex 6.77263 24.0576 3.2
      vertex 1.01067 23.6754 3.2
      vertex 7.25711 23.9235 3.2
    endloop
  endfacet
  facet normal 0 0 1
    outer loop
      vertex 1.01067 23.6754 3.2
      vertex 0.87085 23.6292 3.2
      vertex 8.42224 23.5386 3.2
    endloop
  endfacet
  facet normal 0 0 1
    outer loop
      vertex 9.56708 23.097 3.2
      vertex 0.728928 23.5899 3.2
      vertex 10.6889 22.5997 3.2
    endloop
  endfacet
  facet normal 0 0 1
    outer loop
      vertex 0.728928 23.5899 3.2
      vertex 0.585266 23.5576 3.2
      vertex 11.7849 22.048 3.2
    endloop
  endfacet
  facet normal 0 0 1
    outer loop
      vertex 0.585266 23.5576 3.2
      vertex 14.8925 20.0802 3.2
      vertex 13.8893 20.7867 3.2
    endloop
  endfacet
  facet normal 0 0 1
    outer loop
      vertex 0.440186 23.5325 3.2
      vertex 17.6777 17.6777 3.2
      vertex 16.789 18.5238 3.2
    endloop
  endfacet
  facet normal 0 0 1
    outer loop
      vertex 0.294037 23.5144 3.2
      vertex 20.7867 13.8893 3.2
      vertex 20.0802 14.8925 3.2
    endloop
  endfacet
  facet normal 0 0 1
    outer loop
      vertex 23.9235 7.25711 3.2
      vertex 23.5386 8.42224 3.2
      vertex 0.294037 23.5144 3.2
    endloop
  endfacet
  facet normal 0 0 1
    outer loop
      vertex 18.5238 -16.789 3.2
      vertex 0.147202 23.5036 3.2
      vertex 0 23.5 3.2
    endloop
  endfacet
  facet normal 0 -0 1
    outer loop
      vertex 24.8796 -2.45042 3.2
      vertex 24.9699 -1.22668 3.2
      vertex 0.147202 23.5036 3.2
    endloop
  endfacet
  facet normal 0.0735901 -0.997289 0
    outer loop
      vertex 2.45042 -24.8796 0
      vertex 1.22668 -24.9699 3.2
      vertex 1.22668 -24.9699 0
    endloop
  endfacet
  facet normal 0.0735901 -0.997289 0
    outer loop
      vertex 2.45042 -24.8796 0
      vertex 2.45042 -24.8796 3.2
      vertex 1.22668 -24.9699 3.2
    endloop
  endfacet
  facet normal 0.122406 -0.99248 0
    outer loop
      vertex 3.66826 -24.7294 0
      vertex 2.45042 -24.8796 3.2
      vertex 2.45042 -24.8796 0
    endloop
  endfacet
  facet normal 0.122406 -0.99248 0
    outer loop
      vertex 3.66826 -24.7294 0
      vertex 3.66826 -24.7294 3.2
      vertex 2.45042 -24.8796 3.2
    endloop
  endfacet
  facet normal 0.170979 -0.985275 0
    outer loop
      vertex 4.87724 -24.5196 0
      vertex 3.66826 -24.7294 3.2
      vertex 3.66826 -24.7294 0
    endloop
  endfacet
  facet normal 0.170979 -0.985275 0
    outer loop
      vertex 4.87724 -24.5196 0
      vertex 4.87724 -24.5196 3.2
      vertex 3.66826 -24.7294 3.2
    endloop
  endfacet
  facet normal 0.219061 -0.975711 0
    outer loop
      vertex 6.07449 -24.2508 0
      vertex 4.87724 -24.5196 3.2
      vertex 4.87724 -24.5196 0
    endloop
  endfacet
  facet normal 0.219061 -0.975711 0
    outer loop
      vertex 6.07449 -24.2508 0
      vertex 6.07449 -24.2508 3.2
      vertex 4.87724 -24.5196 3.2
    endloop
  endfacet
  facet normal 0.266732 -0.963771 0
    outer loop
      vertex 7.25711 -23.9235 0
      vertex 6.07449 -24.2508 3.2
      vertex 6.07449 -24.2508 0
    endloop
  endfacet
  facet normal 0.266732 -0.963771 0
    outer loop
      vertex 7.25711 -23.9235 0
      vertex 7.25711 -23.9235 3.2
      vertex 6.07449 -24.2508 3.2
    endloop
  endfacet
  facet normal 0.313677 -0.94953 0
    outer loop
      vertex 8.42224 -23.5386 0
      vertex 7.25711 -23.9235 3.2
      vertex 7.25711 -23.9235 0
    endloop
  endfacet
  facet normal 0.313677 -0.94953 0
    outer loop
      vertex 8.42224 -23.5386 0
      vertex 8.42224 -23.5386 3.2
      vertex 7.25711 -23.9235 3.2
    endloop
  endfacet
  facet normal 0.359885 -0.932996 0
    outer loop
      vertex 9.56708 -23.097 0
      vertex 8.42224 -23.5386 3.2
      vertex 8.42224 -23.5386 0
    endloop
  endfacet
  facet normal 0.359885 -0.932996 0
    outer loop
      vertex 9.56708 -23.097 0
      vertex 9.56708 -23.097 3.2
      vertex 8.42224 -23.5386 3.2
    endloop
  endfacet
  facet normal 0.405263 -0.9142 0
    outer loop
      vertex 10.6889 -22.5997 0
      vertex 9.56708 -23.097 3.2
      vertex 9.56708 -23.097 0
    endloop
  endfacet
  facet normal 0.405263 -0.9142 0
    outer loop
      vertex 10.6889 -22.5997 0
      vertex 10.6889 -22.5997 3.2
      vertex 9.56708 -23.097 3.2
    endloop
  endfacet
  facet normal 0.449624 -0.893218 0
    outer loop
      vertex 11.7849 -22.048 0
      vertex 10.6889 -22.5997 3.2
      vertex 10.6889 -22.5997 0
    endloop
  endfacet
  facet normal 0.449624 -0.893218 0
    outer loop
      vertex 11.7849 -22.048 0
      vertex 11.7849 -22.048 3.2
      vertex 10.6889 -22.5997 3.2
    endloop
  endfacet
  facet normal 0.492871 -0.870103 0
    outer loop
      vertex 12.8526 -21.4432 0
      vertex 11.7849 -22.048 3.2
      vertex 11.7849 -22.048 0
    endloop
  endfacet
  facet normal 0.492871 -0.870103 0
    outer loop
      vertex 12.8526 -21.4432 0
      vertex 12.8526 -21.4432 3.2
      vertex 11.7849 -22.048 3.2
    endloop
  endfacet
  facet normal 0.535007 -0.844847 0
    outer loop
      vertex 13.8893 -20.7867 0
      vertex 12.8526 -21.4432 3.2
      vertex 12.8526 -21.4432 0
    endloop
  endfacet
  facet normal 0.535007 -0.844847 0
    outer loop
      vertex 13.8893 -20.7867 0
      vertex 13.8893 -20.7867 3.2
      vertex 12.8526 -21.4432 3.2
    endloop
  endfacet
  facet normal 0.57579 -0.817598 0
    outer loop
      vertex 14.8925 -20.0802 0
      vertex 13.8893 -20.7867 3.2
      vertex 13.8893 -20.7867 0
    endloop
  endfacet
  facet normal 0.57579 -0.817598 0
    outer loop
      vertex 14.8925 -20.0802 0
      vertex 14.8925 -20.0802 3.2
      vertex 13.8893 -20.7867 3.2
    endloop
  endfacet
  facet normal 0.615238 -0.788342 0
    outer loop
      vertex 15.8598 -19.3253 0
      vertex 14.8925 -20.0802 3.2
      vertex 14.8925 -20.0802 0
    endloop
  endfacet
  facet normal 0.615238 -0.788342 0
    outer loop
      vertex 15.8598 -19.3253 0
      vertex 15.8598 -19.3253 3.2
      vertex 14.8925 -20.0802 3.2
    endloop
  endfacet
  facet normal 0.653157 -0.757222 0
    outer loop
      vertex 16.789 -18.5238 0
      vertex 15.8598 -19.3253 3.2
      vertex 15.8598 -19.3253 0
    endloop
  endfacet
  facet normal 0.653157 -0.757222 0
    outer loop
      vertex 16.789 -18.5238 0
      vertex 16.789 -18.5238 3.2
      vertex 15.8598 -19.3253 3.2
    endloop
  endfacet
  facet normal 0.689535 -0.724252 0
    outer loop
      vertex 17.6777 -17.6777 0
      vertex 16.789 -18.5238 3.2
      vertex 16.789 -18.5238 0
    endloop
  endfacet
  facet normal 0.689535 -0.724252 0
    outer loop
      vertex 17.6777 -17.6777 0
      vertex 17.6777 -17.6777 3.2
      vertex 16.789 -18.5238 3.2
    endloop
  endfacet
  facet normal 0.724252 -0.689535 0
    outer loop
      vertex 18.5238 -16.789 0
      vertex 17.6777 -17.6777 3.2
      vertex 17.6777 -17.6777 0
    endloop
  endfacet
  facet normal 0.724252 -0.689535 0
    outer loop
      vertex 18.5238 -16.789 0
      vertex 18.5238 -16.789 3.2
      vertex 17.6777 -17.6777 3.2
    endloop
  endfacet
  facet normal 0.757222 -0.653157 0
    outer loop
      vertex 19.3253 -15.8598 0
      vertex 18.5238 -16.789 3.2
      vertex 18.5238 -16.789 0
    endloop
  endfacet
  facet normal 0.757222 -0.653157 0
    outer loop
      vertex 19.3253 -15.8598 0
      vertex 19.3253 -15.8598 3.2
      vertex 18.5238 -16.789 3.2
    endloop
  endfacet
  facet normal 0.788342 -0.615238 0
    outer loop
      vertex 20.0802 -14.8925 0
      vertex 19.3253 -15.8598 3.2
      vertex 19.3253 -15.8598 0
    endloop
  endfacet
  facet normal 0.788342 -0.615238 0
    outer loop
      vertex 20.0802 -14.8925 0
      vertex 20.0802 -14.8925 3.2
      vertex 19.3253 -15.8598 3.2
    endloop
  endfacet
  facet normal 0.817598 -0.57579 0
    outer loop
      vertex 20.7867 -13.8893 0
      vertex 20.0802 -14.8925 3.2
      vertex 20.0802 -14.8925 0
    endloop
  endfacet
  facet normal 0.817598 -0.57579 0
    outer loop
      vertex 20.7867 -13.8893 0
      vertex 20.7867 -13.8893 3.2
      vertex 20.0802 -14.8925 3.2
    endloop
  endfacet
  facet normal 0.844847 -0.535007 0
    outer loop
      vertex 21.4432 -12.8526 0
      vertex 20.7867 -13.8893 3.2
      vertex 20.7867 -13.8893 0
    endloop
  endfacet
  facet normal 0.844847 -0.535007 0
    outer loop
      vertex 21.4432 -12.8526 0
      vertex 21.4432 -12.8526 3.2
      vertex 20.7867 -13.8893 3.2
    endloop
  endfacet
  facet normal 0.870103 -0.492871 0
    outer loop
      vertex 22.048 -11.7849 0
      vertex 21.4432 -12.8526 3.2
      vertex 21.4432 -12.8526 0
    endloop
  endfacet
  facet normal 0.870103 -0.492871 0
    outer loop
      vertex 22.048 -11.7849 0
      vertex 22.048 -11.7849 3.2
      vertex 21.4432 -12.8526 3.2
    endloop
  endfacet
  facet normal 0.893218 -0.449624 0
    outer loop
      vertex 22.5997 -10.6889 0
      vertex 22.048 -11.7849 3.2
      vertex 22.048 -11.7849 0
    endloop
  endfacet
  facet normal 0.893218 -0.449624 0
    outer loop
      vertex 22.5997 -10.6889 0
      vertex 22.5997 -10.6889 3.2
      vertex 22.048 -11.7849 3.2
    endloop
  endfacet
  facet normal 0.9142 -0.405263 0
    outer loop
      vertex 23.097 -9.56708 0
      vertex 22.5997 -10.6889 3.2
      vertex 22.5997 -10.6889 0
    endloop
  endfacet
  facet normal 0.9142 -0.405263 0
    outer loop
      vertex 23.097 -9.56708 0
      vertex 23.097 -9.56708 3.2
      vertex 22.5997 -10.6889 3.2
    endloop
  endfacet
  facet normal 0.932996 -0.359885 0
    outer loop
      vertex 23.5386 -8.42224 0
      vertex 23.097 -9.56708 3.2
      vertex 23.097 -9.56708 0
    endloop
  endfacet
  facet normal 0.932996 -0.359885 0
    outer loop
      vertex 23.5386 -8.42224 0
      vertex 23.5386 -8.42224 3.2
      vertex 23.097 -9.56708 3.2
    endloop
  endfacet
  facet normal 0.94953 -0.313677 0
    outer loop
      vertex 23.9235 -7.25711 0
      vertex 23.5386 -8.42224 3.2
      vertex 23.5386 -8.42224 0
    endloop
  endfacet
  facet normal 0.94953 -0.313677 0
    outer loop
      vertex 23.9235 -7.25711 0
      vertex 23.9235 -7.25711 3.2
      vertex 23.5386 -8.42224 3.2
    endloop
  endfacet
  facet normal 0.963771 -0.266732 0
    outer loop
      vertex 24.2508 -6.07449 0
      vertex 23.9235 -7.25711 3.2
      vertex 23.9235 -7.25711 0
    endloop
  endfacet
  facet normal 0.963771 -0.266732 0
    outer loop
      vertex 24.2508 -6.07449 0
      vertex 24.2508 -6.07449 3.2
      vertex 23.9235 -7.25711 3.2
    endloop
  endfacet
  facet normal 0.975711 -0.219061 0
    outer loop
      vertex 24.5196 -4.87724 0
      vertex 24.2508 -6.07449 3.2
      vertex 24.2508 -6.07449 0
    endloop
  endfacet
  facet normal 0.975711 -0.219061 0
    outer loop
      vertex 24.5196 -4.87724 0
      vertex 24.5196 -4.87724 3.2
      vertex 24.2508 -6.07449 3.2
    endloop
  endfacet
  facet normal 0.985275 -0.170979 0
    outer loop
      vertex 24.7294 -3.66826 0
      vertex 24.5196 -4.87724 3.2
      vertex 24.5196 -4.87724 0
    endloop
  endfacet
  facet normal 0.985275 -0.170979 0
    outer loop
      vertex 24.7294 -3.66826 0
      vertex 24.7294 -3.66826 3.2
      vertex 24.5196 -4.87724 3.2
    endloop
  endfacet
  facet normal 0.99248 -0.122406 0
    outer loop
      vertex 24.8796 -2.45042 0
      vertex 24.7294 -3.66826 3.2
      vertex 24.7294 -3.66826 0
    endloop
  endfacet
  facet normal 0.99248 -0.122406 0
    outer loop
      vertex 24.8796 -2.45042 0
      vertex 24.8796 -2.45042 3.2
      vertex 24.7294 -3.66826 3.2
    endloop
  endfacet
  facet normal 0.997289 -0.0735901 0
    outer loop
      vertex 24.9699 -1.22668 0
      vertex 24.8796 -2.45042 3.2
      vertex 24.8796 -2.45042 0
    endloop
  endfacet
  facet normal 0.997289 -0.0735901 0
    outer loop
      vertex 24.9699 -1.22668 0
      vertex 24.9699 -1.22668 3.2
      vertex 24.8796 -2.45042 3.2
    endloop
  endfacet
  facet normal 0.999699 -0.0245304 0
    outer loop
      vertex 25 0 0
      vertex 24.9699 -1.22668 3.2
      vertex 24.9699 -1.22668 0
    endloop
  endfacet
  facet normal 0.999699 -0.0245304 0
    outer loop
      vertex 25 0 0
      vertex 25 0 3.2
      vertex 24.9699 -1.22668 3.2
    endloop
  endfacet
  facet normal 0.999699 0.0245304 0
    outer loop
      vertex 24.9699 1.22668 0
      vertex 25 0 3.2
      vertex 25 0 0
    endloop
  endfacet
  facet normal 0.999699 0.0245304 -0
    outer loop
      vertex 24.9699 1.22668 0
      vertex 24.9699 1.22668 3.2
      vertex 25 0 3.2
    endloop
  endfacet
  facet normal 0.997289 0.0735901 0
    outer loop
      vertex 24.8796 2.45042 0
      vertex 24.9699 1.22668 3.2
      vertex 24.9699 1.22668 0
    endloop
  endfacet
  facet normal 0.997289 0.0735901 -0
    outer loop
      vertex 24.8796 2.45042 0
      vertex 24.8796 2.45042 3.2
      vertex 24.9699 1.22668 3.2
    endloop
  endfacet
  facet normal 0.99248 0.122406 0
    outer loop
      vertex 24.7294 3.66826 0
      vertex 24.8796 2.45042 3.2
      vertex 24.8796 2.45042 0
    endloop
  endfacet
  facet normal 0.99248 0.122406 -0
    outer loop
      vertex 24.7294 3.66826 0
      vertex 24.7294 3.66826 3.2
      vertex 24.8796 2.45042 3.2
    endloop
  endfacet
  facet normal 0.985275 0.170979 0
    outer loop
      vertex 24.5196 4.87724 0
      vertex 24.7294 3.66826 3.2
      vertex 24.7294 3.66826 0
    endloop
  endfacet
  facet normal 0.985275 0.170979 -0
    outer loop
      vertex 24.5196 4.87724 0
      vertex 24.5196 4.87724 3.2
      vertex 24.7294 3.66826 3.2
    endloop
  endfacet
  facet normal 0.975711 0.219061 0
    outer loop
      vertex 24.2508 6.07449 0
      vertex 24.5196 4.87724 3.2
      vertex 24.5196 4.87724 0
    endloop
  endfacet
  facet normal 0.975711 0.219061 -0
    outer loop
      vertex 24.2508 6.07449 0
      vertex 24.2508 6.07449 3.2
      vertex 24.5196 4.87724 3.2
    endloop
  endfacet
  facet normal 0.963771 0.266732 0
    outer loop
      vertex 23.9235 7.25711 0
      vertex 24.2508 6.07449 3.2
      vertex 24.2508 6.07449 0
    endloop
  endfacet
  facet normal 0.963771 0.266732 -0
    outer loop
      vertex 23.9235 7.25711 0
      vertex 23.9235 7.25711 3.2
      vertex 24.2508 6.07449 3.2
    endloop
  endfacet
  facet normal 0.94953 0.313677 0
    outer loop
      vertex 23.5386 8.42224 0
      vertex 23.9235 7.25711 3.2
      vertex 23.9235 7.25711 0
    endloop
  endfacet
  facet normal 0.94953 0.313677 -0
    outer loop
      vertex 23.5386 8.42224 0
      vertex 23.5386 8.42224 3.2
      vertex 23.9235 7.25711 3.2
    endloop
  endfacet
  facet normal 0.932996 0.359885 0
    outer loop
      vertex 23.097 9.56708 0
      vertex 23.5386 8.42224 3.2
      vertex 23.5386 8.42224 0
    endloop
  endfacet
  facet normal 0.932996 0.359885 -0
    outer loop
      vertex 23.097 9.56708 0
      vertex 23.097 9.56708 3.2
      vertex 23.5386 8.42224 3.2
    endloop
  endfacet
  facet normal 0.9142 0.405263 0
    outer loop
      vertex 22.5997 10.6889 0
      vertex 23.097 9.56708 3.2
      vertex 23.097 9.56708 0
    endloop
  endfacet
  facet normal 0.9142 0.405263 -0
    outer loop
      vertex 22.5997 10.6889 0
      vertex 22.5997 10.6889 3.2
      vertex 23.097 9.56708 3.2
    endloop
  endfacet
  facet normal 0.893218 0.449624 0
    outer loop
      vertex 22.048 11.7849 0
      vertex 22.5997 10.6889 3.2
      vertex 22.5997 10.6889 0
    endloop
  endfacet
  facet normal 0.893218 0.449624 -0
    outer loop
      vertex 22.048 11.7849 0
      vertex 22.048 11.7849 3.2
      vertex 22.5997 10.6889 3.2
    endloop
  endfacet
  facet normal 0.870103 0.492871 0
    outer loop
      vertex 21.4432 12.8526 0
      vertex 22.048 11.7849 3.2
      vertex 22.048 11.7849 0
    endloop
  endfacet
  facet normal 0.870103 0.492871 -0
    outer loop
      vertex 21.4432 12.8526 0
      vertex 21.4432 12.8526 3.2
      vertex 22.048 11.7849 3.2
    endloop
  endfacet
  facet normal 0.844847 0.535007 0
    outer loop
      vertex 20.7867 13.8893 0
      vertex 21.4432 12.8526 3.2
      vertex 21.4432 12.8526 0
    endloop
  endfacet
  facet normal 0.844847 0.535007 -0
    outer loop
      vertex 20.7867 13.8893 0
      vertex 20.7867 13.8893 3.2
      vertex 21.4432 12.8526 3.2
    endloop
  endfacet
  facet normal 0.817598 0.57579 0
    outer loop
      vertex 20.0802 14.8925 0
      vertex 20.7867 13.8893 3.2
      vertex 20.7867 13.8893 0
    endloop
  endfacet
  facet normal 0.817598 0.57579 -0
    outer loop
      vertex 20.0802 14.8925 0
      vertex 20.0802 14.8925 3.2
      vertex 20.7867 13.8893 3.2
    endloop
  endfacet
  facet normal 0.788342 0.615238 0
    outer loop
      vertex 19.3253 15.8598 0
      vertex 20.0802 14.8925 3.2
      vertex 20.0802 14.8925 0
    endloop
  endfacet
  facet normal 0.788342 0.615238 -0
    outer loop
      vertex 19.3253 15.8598 0
      vertex 19.3253 15.8598 3.2
      vertex 20.0802 14.8925 3.2
    endloop
  endfacet
  facet normal 0.757222 0.653157 0
    outer loop
      vertex 18.5238 16.789 0
      vertex 19.3253 15.8598 3.2
      vertex 19.3253 15.8598 0
    endloop
  endfacet
  facet normal 0.757222 0.653157 -0
    outer loop
      vertex 18.5238 16.789 0
      vertex 18.5238 16.789 3.2
      vertex 19.3253 15.8598 3.2
    endloop
  endfacet
  facet normal 0.724252 0.689535 0
    outer loop
      vertex 17.6777 17.6777 0
      vertex 18.5238 16.789 3.2
      vertex 18.5238 16.789 0
    endloop
  endfacet
  facet normal 0.724252 0.689535 -0
    outer loop
      vertex 17.6777 17.6777 0
      vertex 17.6777 17.6777 3.2
      vertex 18.5238 16.789 3.2
    endloop
  endfacet
  facet normal 0.689535 0.724252 0
    outer loop
      vertex 16.789 18.5238 0
      vertex 17.6777 17.6777 3.2
      vertex 17.6777 17.6777 0
    endloop
  endfacet
  facet normal 0.689535 0.724252 -0
    outer loop
      vertex 16.789 18.5238 0
      vertex 16.789 18.5238 3.2
      vertex 17.6777 17.6777 3.2
    endloop
  endfacet
  facet normal 0.653157 0.757222 0
    outer loop
      vertex 15.8598 19.3253 0
      vertex 16.789 18.5238 3.2
      vertex 16.789 18.5238 0
    endloop
  endfacet
  facet normal 0.653157 0.757222 -0
    outer loop
      vertex 15.8598 19.3253 0
      vertex 15.8598 19.3253 3.2
      vertex 16.789 18.5238 3.2
    endloop
  endfacet
  facet normal 0.615238 0.788342 0
    outer loop
      vertex 14.8925 20.0802 0
      vertex 15.8598 19.3253 3.2
      vertex 15.8598 19.3253 0
    endloop
  endfacet
  facet normal 0.615238 0.788342 -0
    outer loop
      vertex 14.8925 20.0802 0
      vertex 14.8925 20.0802 3.2
      vertex 15.8598 19.3253 3.2
    endloop
  endfacet
  facet normal 0.57579 0.817598 0
    outer loop
      vertex 13.8893 20.7867 0
      vertex 14.8925 20.0802 3.2
      vertex 14.8925 20.0802 0
    endloop
  endfacet
  facet normal 0.57579 0.817598 -0
    outer loop
      vertex 13.8893 20.7867 0
      vertex 13.8893 20.7867 3.2
      vertex 14.8925 20.0802 3.2
    endloop
  endfacet
  facet normal 0.535007 0.844847 0
    outer loop
      vertex 12.8526 21.4432 0
      vertex 13.8893 20.7867 3.2
      vertex 13.8893 20.7867 0
    endloop
  endfacet
  facet normal 0.535007 0.844847 -0
    outer loop
      vertex 12.8526 21.4432 0
      vertex 12.8526 21.4432 3.2
      vertex 13.8893 20.7867 3.2
    endloop
  endfacet
  facet normal 0.492871 0.870103 0
    outer loop
      vertex 11.7849 22.048 0
      vertex 12.8526 21.4432 3.2
      vertex 12.8526 21.4432 0
    endloop
  endfacet
  facet normal 0.492871 0.870103 -0
    outer loop
      vertex 11.7849 22.048 0
      vertex 11.7849 22.048 3.2
      vertex 12.8526 21.4432 3.2
    endloop
  endfacet
  facet normal 0.449624 0.893218 0
    outer loop
      vertex 10.6889 22.5997 0
      vertex 11.7849 22.048 3.2
      vertex 11.7849 22.048 0
    endloop
  endfacet
  facet normal 0.449624 0.893218 -0
    outer loop
      vertex 10.6889 22.5997 0
      vertex 10.6889 22.5997 3.2
      vertex 11.7849 22.048 3.2
    endloop
  endfacet
  facet normal 0.405263 0.9142 0
    outer loop
      vertex 9.56708 23.097 0
      vertex 10.6889 22.5997 3.2
      vertex 10.6889 22.5997 0
    endloop
  endfacet
  facet normal 0.405263 0.9142 -0
    outer loop
      vertex 9.56708 23.097 0
      vertex 9.56708 23.097 3.2
      vertex 10.6889 22.5997 3.2
    endloop
  endfacet
  facet normal 0.359885 0.932996 0
    outer loop
      vertex 8.42224 23.5386 0
      vertex 9.56708 23.097 3.2
      vertex 9.56708 23.097 0
    endloop
  endfacet
  facet normal 0.359885 0.932996 -0
    outer loop
      vertex 8.42224 23.5386 0
      vertex 8.42224 23.5386 3.2
      vertex 9.56708 23.097 3.2
    endloop
  endfacet
  facet normal 0.313677 0.94953 0
    outer loop
      vertex 7.25711 23.9235 0
      vertex 8.42224 23.5386 3.2
      vertex 8.42224 23.5386 0
    endloop
  endfacet
  facet normal 0.313677 0.94953 -0
    outer loop
      vertex 7.25711 23.9235 0
      vertex 7.25711 23.9235 3.2
      vertex 8.42224 23.5386 3.2
    endloop
  endfacet
  facet normal 0.266761 0.963763 0
    outer loop
      vertex 6.77263 24.0576 0
      vertex 7.25711 23.9235 3.2
      vertex 7.25711 23.9235 0
    endloop
  endfacet
  facet normal 0.266761 0.963763 -0
    outer loop
      vertex 6.77263 24.0576 0
      vertex 6.77263 24.0576 3.2
      vertex 7.25711 23.9235 3.2
    endloop
  endfacet
  facet normal 0.933002 -0.359872 0
    outer loop
      vertex 6.77911 24.0744 0
      vertex 6.77263 24.0576 3.2
      vertex 6.77263 24.0576 0
    endloop
  endfacet
  facet normal 0.933002 -0.359872 0
    outer loop
      vertex 6.77911 24.0744 0
      vertex 6.77911 24.0744 3.2
      vertex 6.77263 24.0576 3.2
    endloop
  endfacet
  facet normal 0.949506 -0.313747 0
    outer loop
      vertex 6.88997 24.4099 0
      vertex 6.77911 24.0744 3.2
      vertex 6.77911 24.0744 0
    endloop
  endfacet
  facet normal 0.949506 -0.313747 0
    outer loop
      vertex 6.88997 24.4099 0
      vertex 6.88997 24.4099 3.2
      vertex 6.77911 24.0744 3.2
    endloop
  endfacet
  facet normal 0.963781 -0.266695 0
    outer loop
      vertex 6.98422 24.7505 0
      vertex 6.88997 24.4099 3.2
      vertex 6.88997 24.4099 0
    endloop
  endfacet
  facet normal 0.963781 -0.266695 0
    outer loop
      vertex 6.98422 24.7505 0
      vertex 6.98422 24.7505 3.2
      vertex 6.88997 24.4099 3.2
    endloop
  endfacet
  facet normal 0.975701 -0.219108 0
    outer loop
      vertex 7.06165 25.0953 0
      vertex 6.98422 24.7505 3.2
      vertex 6.98422 24.7505 0
    endloop
  endfacet
  facet normal 0.975701 -0.219108 0
    outer loop
      vertex 7.06165 25.0953 0
      vertex 7.06165 25.0953 3.2
      vertex 6.98422 24.7505 3.2
    endloop
  endfacet
  facet normal 0.985277 -0.170966 0
    outer loop
      vertex 7.12207 25.4435 0
      vertex 7.06165 25.0953 3.2
      vertex 7.06165 25.0953 0
    endloop
  endfacet
  facet normal 0.985277 -0.170966 0
    outer loop
      vertex 7.12207 25.4435 0
      vertex 7.12207 25.4435 3.2
      vertex 7.06165 25.0953 3.2
    endloop
  endfacet
  facet normal 0.992482 -0.122391 0
    outer loop
      vertex 7.16533 25.7943 0
      vertex 7.12207 25.4435 3.2
      vertex 7.12207 25.4435 0
    endloop
  endfacet
  facet normal 0.992482 -0.122391 0
    outer loop
      vertex 7.16533 25.7943 0
      vertex 7.16533 25.7943 3.2
      vertex 7.12207 25.4435 3.2
    endloop
  endfacet
  facet normal 0.997293 -0.0735235 0
    outer loop
      vertex 7.19131 26.1467 0
      vertex 7.16533 25.7943 3.2
      vertex 7.16533 25.7943 0
    endloop
  endfacet
  facet normal 0.997293 -0.0735235 0
    outer loop
      vertex 7.19131 26.1467 0
      vertex 7.19131 26.1467 3.2
      vertex 7.16533 25.7943 3.2
    endloop
  endfacet
  facet normal 0.999698 -0.0245892 0
    outer loop
      vertex 7.2 26.5 0
      vertex 7.19131 26.1467 3.2
      vertex 7.19131 26.1467 0
    endloop
  endfacet
  facet normal 0.999698 -0.0245892 0
    outer loop
      vertex 7.2 26.5 0
      vertex 7.2 26.5 3.2
      vertex 7.19131 26.1467 3.2
    endloop
  endfacet
  facet normal 0.999698 0.0245892 0
    outer loop
      vertex 7.19131 26.8533 0
      vertex 7.2 26.5 3.2
      vertex 7.2 26.5 0
    endloop
  endfacet
  facet normal 0.999698 0.0245892 -0
    outer loop
      vertex 7.19131 26.8533 0
      vertex 7.19131 26.8533 3.2
      vertex 7.2 26.5 3.2
    endloop
  endfacet
  facet normal 0.997293 0.0735235 0
    outer loop
      vertex 7.16533 27.2057 0
      vertex 7.19131 26.8533 3.2
      vertex 7.19131 26.8533 0
    endloop
  endfacet
  facet normal 0.997293 0.0735235 -0
    outer loop
      vertex 7.16533 27.2057 0
      vertex 7.16533 27.2057 3.2
      vertex 7.19131 26.8533 3.2
    endloop
  endfacet
  facet normal 0.992482 0.122391 0
    outer loop
      vertex 7.12207 27.5565 0
      vertex 7.16533 27.2057 3.2
      vertex 7.16533 27.2057 0
    endloop
  endfacet
  facet normal 0.992482 0.122391 -0
    outer loop
      vertex 7.12207 27.5565 0
      vertex 7.12207 27.5565 3.2
      vertex 7.16533 27.2057 3.2
    endloop
  endfacet
  facet normal 0.985269 0.171014 0
    outer loop
      vertex 7.06165 27.9046 0
      vertex 7.12207 27.5565 3.2
      vertex 7.12207 27.5565 0
    endloop
  endfacet
  facet normal 0.985269 0.171014 -0
    outer loop
      vertex 7.06165 27.9046 0
      vertex 7.06165 27.9046 3.2
      vertex 7.12207 27.5565 3.2
    endloop
  endfacet
  facet normal 0.975714 0.219048 0
    outer loop
      vertex 6.98422 28.2495 0
      vertex 7.06165 27.9046 3.2
      vertex 7.06165 27.9046 0
    endloop
  endfacet
  facet normal 0.975714 0.219048 -0
    outer loop
      vertex 6.98422 28.2495 0
      vertex 6.98422 28.2495 3.2
      vertex 7.06165 27.9046 3.2
    endloop
  endfacet
  facet normal 0.963761 0.266768 0
    outer loop
      vertex 6.88997 28.59 0
      vertex 6.98422 28.2495 3.2
      vertex 6.98422 28.2495 0
    endloop
  endfacet
  facet normal 0.963761 0.266768 -0
    outer loop
      vertex 6.88997 28.59 0
      vertex 6.88997 28.59 3.2
      vertex 6.98422 28.2495 3.2
    endloop
  endfacet
  facet normal 0.949534 0.313663 0
    outer loop
      vertex 6.77911 28.9256 0
      vertex 6.88997 28.59 3.2
      vertex 6.88997 28.59 0
    endloop
  endfacet
  facet normal 0.949534 0.313663 -0
    outer loop
      vertex 6.77911 28.9256 0
      vertex 6.77911 28.9256 3.2
      vertex 6.88997 28.59 3.2
    endloop
  endfacet
  facet normal 0.932992 0.359897 0
    outer loop
      vertex 6.65193 29.2553 0
      vertex 6.77911 28.9256 3.2
      vertex 6.77911 28.9256 0
    endloop
  endfacet
  facet normal 0.932992 0.359897 -0
    outer loop
      vertex 6.65193 29.2553 0
      vertex 6.65193 29.2553 3.2
      vertex 6.77911 28.9256 3.2
    endloop
  endfacet
  facet normal 0.91421 0.40524 0
    outer loop
      vertex 6.50871 29.5784 0
      vertex 6.65193 29.2553 3.2
      vertex 6.65193 29.2553 0
    endloop
  endfacet
  facet normal 0.91421 0.40524 -0
    outer loop
      vertex 6.50871 29.5784 0
      vertex 6.50871 29.5784 3.2
      vertex 6.65193 29.2553 3.2
    endloop
  endfacet
  facet normal 0.89319 0.44968 0
    outer loop
      vertex 6.34982 29.894 0
      vertex 6.50871 29.5784 3.2
      vertex 6.50871 29.5784 0
    endloop
  endfacet
  facet normal 0.89319 0.44968 -0
    outer loop
      vertex 6.34982 29.894 0
      vertex 6.34982 29.894 3.2
      vertex 6.50871 29.5784 3.2
    endloop
  endfacet
  facet normal 0.870107 0.492863 0
    outer loop
      vertex 6.17564 30.2015 0
      vertex 6.34982 29.894 3.2
      vertex 6.34982 29.894 0
    endloop
  endfacet
  facet normal 0.870107 0.492863 -0
    outer loop
      vertex 6.17564 30.2015 0
      vertex 6.17564 30.2015 3.2
      vertex 6.34982 29.894 3.2
    endloop
  endfacet
  facet normal 0.844874 0.534965 0
    outer loop
      vertex 5.98657 30.5001 0
      vertex 6.17564 30.2015 3.2
      vertex 6.17564 30.2015 0
    endloop
  endfacet
  facet normal 0.844874 0.534965 -0
    outer loop
      vertex 5.98657 30.5001 0
      vertex 5.98657 30.5001 3.2
      vertex 6.17564 30.2015 3.2
    endloop
  endfacet
  facet normal 0.817553 0.575853 0
    outer loop
      vertex 5.78308 30.789 0
      vertex 5.98657 30.5001 3.2
      vertex 5.98657 30.5001 0
    endloop
  endfacet
  facet normal 0.817553 0.575853 -0
    outer loop
      vertex 5.78308 30.789 0
      vertex 5.78308 30.789 3.2
      vertex 5.98657 30.5001 3.2
    endloop
  endfacet
  facet normal 0.788362 0.615211 0
    outer loop
      vertex 5.56567 31.0676 0
      vertex 5.78308 30.789 3.2
      vertex 5.78308 30.789 0
    endloop
  endfacet
  facet normal 0.788362 0.615211 -0
    outer loop
      vertex 5.56567 31.0676 0
      vertex 5.56567 31.0676 3.2
      vertex 5.78308 30.789 3.2
    endloop
  endfacet
  facet normal 0.757214 0.653167 0
    outer loop
      vertex 5.33484 31.3352 0
      vertex 5.56567 31.0676 3.2
      vertex 5.56567 31.0676 0
    endloop
  endfacet
  facet normal 0.757214 0.653167 -0
    outer loop
      vertex 5.33484 31.3352 0
      vertex 5.33484 31.3352 3.2
      vertex 5.56567 31.0676 3.2
    endloop
  endfacet
  facet normal 0.724321 0.689463 0
    outer loop
      vertex 5.09116 31.5912 0
      vertex 5.33484 31.3352 3.2
      vertex 5.33484 31.3352 0
    endloop
  endfacet
  facet normal 0.724321 0.689463 -0
    outer loop
      vertex 5.09116 31.5912 0
      vertex 5.09116 31.5912 3.2
      vertex 5.33484 31.3352 3.2
    endloop
  endfacet
  facet normal 0.689429 0.724353 0
    outer loop
      vertex 4.83522 31.8348 0
      vertex 5.09116 31.5912 3.2
      vertex 5.09116 31.5912 0
    endloop
  endfacet
  facet normal 0.689429 0.724353 -0
    outer loop
      vertex 4.83522 31.8348 0
      vertex 4.83522 31.8348 3.2
      vertex 5.09116 31.5912 3.2
    endloop
  endfacet
  facet normal 0.653295 0.757103 0
    outer loop
      vertex 4.56763 32.0657 0
      vertex 4.83522 31.8348 3.2
      vertex 4.83522 31.8348 0
    endloop
  endfacet
  facet normal 0.653295 0.757103 -0
    outer loop
      vertex 4.56763 32.0657 0
      vertex 4.56763 32.0657 3.2
      vertex 4.83522 31.8348 3.2
    endloop
  endfacet
  facet normal 0.615194 0.788376 0
    outer loop
      vertex 4.28903 32.2831 0
      vertex 4.56763 32.0657 3.2
      vertex 4.56763 32.0657 0
    endloop
  endfacet
  facet normal 0.615194 0.788376 -0
    outer loop
      vertex 4.28903 32.2831 0
      vertex 4.28903 32.2831 3.2
      vertex 4.56763 32.0657 3.2
    endloop
  endfacet
  facet normal 0.575819 0.817577 0
    outer loop
      vertex 4.00009 32.4866 0
      vertex 4.28903 32.2831 3.2
      vertex 4.28903 32.2831 0
    endloop
  endfacet
  facet normal 0.575819 0.817577 -0
    outer loop
      vertex 4.00009 32.4866 0
      vertex 4.00009 32.4866 3.2
      vertex 4.28903 32.2831 3.2
    endloop
  endfacet
  facet normal 0.534887 0.844924 0
    outer loop
      vertex 3.70154 32.6756 0
      vertex 4.00009 32.4866 3.2
      vertex 4.00009 32.4866 0
    endloop
  endfacet
  facet normal 0.534887 0.844924 -0
    outer loop
      vertex 3.70154 32.6756 0
      vertex 3.70154 32.6756 3.2
      vertex 4.00009 32.4866 3.2
    endloop
  endfacet
  facet normal 0.492905 0.870083 0
    outer loop
      vertex 3.39404 32.8498 0
      vertex 3.70154 32.6756 3.2
      vertex 3.70154 32.6756 0
    endloop
  endfacet
  facet normal 0.492905 0.870083 -0
    outer loop
      vertex 3.39404 32.8498 0
      vertex 3.39404 32.8498 3.2
      vertex 3.70154 32.6756 3.2
    endloop
  endfacet
  facet normal 0.449634 0.893213 0
    outer loop
      vertex 3.07838 33.0087 0
      vertex 3.39404 32.8498 3.2
      vertex 3.39404 32.8498 0
    endloop
  endfacet
  facet normal 0.449634 0.893213 -0
    outer loop
      vertex 3.07838 33.0087 0
      vertex 3.07838 33.0087 3.2
      vertex 3.39404 32.8498 3.2
    endloop
  endfacet
  facet normal 0.405225 0.914217 0
    outer loop
      vertex 2.75531 33.1519 0
      vertex 3.07838 33.0087 3.2
      vertex 3.07838 33.0087 0
    endloop
  endfacet
  facet normal 0.405225 0.914217 -0
    outer loop
      vertex 2.75531 33.1519 0
      vertex 2.75531 33.1519 3.2
      vertex 3.07838 33.0087 3.2
    endloop
  endfacet
  facet normal 0.359936 0.932977 0
    outer loop
      vertex 2.4256 33.2791 0
      vertex 2.75531 33.1519 3.2
      vertex 2.75531 33.1519 0
    endloop
  endfacet
  facet normal 0.359936 0.932977 -0
    outer loop
      vertex 2.4256 33.2791 0
      vertex 2.4256 33.2791 3.2
      vertex 2.75531 33.1519 3.2
    endloop
  endfacet
  facet normal 0.313799 0.949489 0
    outer loop
      vertex 2.09004 33.39 0
      vertex 2.4256 33.2791 3.2
      vertex 2.4256 33.2791 0
    endloop
  endfacet
  facet normal 0.313799 0.949489 -0
    outer loop
      vertex 2.09004 33.39 0
      vertex 2.09004 33.39 3.2
      vertex 2.4256 33.2791 3.2
    endloop
  endfacet
  facet normal 0.266571 0.963815 0
    outer loop
      vertex 1.74945 33.4842 0
      vertex 2.09004 33.39 3.2
      vertex 2.09004 33.39 0
    endloop
  endfacet
  facet normal 0.266571 0.963815 -0
    outer loop
      vertex 1.74945 33.4842 0
      vertex 1.74945 33.4842 3.2
      vertex 2.09004 33.39 3.2
    endloop
  endfacet
  facet normal 0.219027 0.975719 0
    outer loop
      vertex 1.40465 33.5616 0
      vertex 1.74945 33.4842 3.2
      vertex 1.74945 33.4842 0
    endloop
  endfacet
  facet normal 0.219027 0.975719 -0
    outer loop
      vertex 1.40465 33.5616 0
      vertex 1.40465 33.5616 3.2
      vertex 1.74945 33.4842 3.2
    endloop
  endfacet
  facet normal 0.171191 0.985238 0
    outer loop
      vertex 1.05646 33.6221 0
      vertex 1.40465 33.5616 3.2
      vertex 1.40465 33.5616 0
    endloop
  endfacet
  facet normal 0.171191 0.985238 -0
    outer loop
      vertex 1.05646 33.6221 0
      vertex 1.05646 33.6221 3.2
      vertex 1.40465 33.5616 3.2
    endloop
  endfacet
  facet normal 0.122244 0.9925 0
    outer loop
      vertex 0.705719 33.6653 0
      vertex 1.05646 33.6221 3.2
      vertex 1.05646 33.6221 0
    endloop
  endfacet
  facet normal 0.122244 0.9925 -0
    outer loop
      vertex 0.705719 33.6653 0
      vertex 0.705719 33.6653 3.2
      vertex 1.05646 33.6221 3.2
    endloop
  endfacet
  facet normal 0.0735732 0.99729 0
    outer loop
      vertex 0.353287 33.6913 0
      vertex 0.705719 33.6653 3.2
      vertex 0.705719 33.6653 0
    endloop
  endfacet
  facet normal 0.0735732 0.99729 -0
    outer loop
      vertex 0.353287 33.6913 0
      vertex 0.353287 33.6913 3.2
      vertex 0.705719 33.6653 3.2
    endloop
  endfacet
  facet normal 0.0246184 0.999697 0
    outer loop
      vertex 0 33.7 0
      vertex 0.353287 33.6913 3.2
      vertex 0.353287 33.6913 0
    endloop
  endfacet
  facet normal 0.0246184 0.999697 -0
    outer loop
      vertex 0 33.7 0
      vertex 0 33.7 3.2
      vertex 0.353287 33.6913 3.2
    endloop
  endfacet
  facet normal -0.0246184 0.999697 0
    outer loop
      vertex -0.353287 33.6913 0
      vertex 0 33.7 3.2
      vertex 0 33.7 0
    endloop
  endfacet
  facet normal -0.0246184 0.999697 0
    outer loop
      vertex -0.353287 33.6913 0
      vertex -0.353287 33.6913 3.2
      vertex 0 33.7 3.2
    endloop
  endfacet
  facet normal -0.0735732 0.99729 0
    outer loop
      vertex -0.705719 33.6653 0
      vertex -0.353287 33.6913 3.2
      vertex -0.353287 33.6913 0
    endloop
  endfacet
  facet normal -0.0735732 0.99729 0
    outer loop
      vertex -0.705719 33.6653 0
      vertex -0.705719 33.6653 3.2
      vertex -0.353287 33.6913 3.2
    endloop
  endfacet
  facet normal -0.122244 0.9925 0
    outer loop
      vertex -1.05646 33.6221 0
      vertex -0.705719 33.6653 3.2
      vertex -0.705719 33.6653 0
    endloop
  endfacet
  facet normal -0.122244 0.9925 0
    outer loop
      vertex -1.05646 33.6221 0
      vertex -1.05646 33.6221 3.2
      vertex -0.705719 33.6653 3.2
    endloop
  endfacet
  facet normal -0.171191 0.985238 0
    outer loop
      vertex -1.40465 33.5616 0
      vertex -1.05646 33.6221 3.2
      vertex -1.05646 33.6221 0
    endloop
  endfacet
  facet normal -0.171191 0.985238 0
    outer loop
      vertex -1.40465 33.5616 0
      vertex -1.40465 33.5616 3.2
      vertex -1.05646 33.6221 3.2
    endloop
  endfacet
  facet normal -0.219027 0.975719 0
    outer loop
      vertex -1.74945 33.4842 0
      vertex -1.40465 33.5616 3.2
      vertex -1.40465 33.5616 0
    endloop
  endfacet
  facet normal -0.219027 0.975719 0
    outer loop
      vertex -1.74945 33.4842 0
      vertex -1.74945 33.4842 3.2
      vertex -1.40465 33.5616 3.2
    endloop
  endfacet
  facet normal -0.266571 0.963815 0
    outer loop
      vertex -2.09004 33.39 0
      vertex -1.74945 33.4842 3.2
      vertex -1.74945 33.4842 0
    endloop
  endfacet
  facet normal -0.266571 0.963815 0
    outer loop
      vertex -2.09004 33.39 0
      vertex -2.09004 33.39 3.2
      vertex -1.74945 33.4842 3.2
    endloop
  endfacet
  facet normal -0.313799 0.949489 0
    outer loop
      vertex -2.4256 33.2791 0
      vertex -2.09004 33.39 3.2
      vertex -2.09004 33.39 0
    endloop
  endfacet
  facet normal -0.313799 0.949489 0
    outer loop
      vertex -2.4256 33.2791 0
      vertex -2.4256 33.2791 3.2
      vertex -2.09004 33.39 3.2
    endloop
  endfacet
  facet normal -0.359936 0.932977 0
    outer loop
      vertex -2.75531 33.1519 0
      vertex -2.4256 33.2791 3.2
      vertex -2.4256 33.2791 0
    endloop
  endfacet
  facet normal -0.359936 0.932977 0
    outer loop
      vertex -2.75531 33.1519 0
      vertex -2.75531 33.1519 3.2
      vertex -2.4256 33.2791 3.2
    endloop
  endfacet
  facet normal -0.405225 0.914217 0
    outer loop
      vertex -3.07838 33.0087 0
      vertex -2.75531 33.1519 3.2
      vertex -2.75531 33.1519 0
    endloop
  endfacet
  facet normal -0.405225 0.914217 0
    outer loop
      vertex -3.07838 33.0087 0
      vertex -3.07838 33.0087 3.2
      vertex -2.75531 33.1519 3.2
    endloop
  endfacet
  facet normal -0.449634 0.893213 0
    outer loop
      vertex -3.39404 32.8498 0
      vertex -3.07838 33.0087 3.2
      vertex -3.07838 33.0087 0
    endloop
  endfacet
  facet normal -0.449634 0.893213 0
    outer loop
      vertex -3.39404 32.8498 0
      vertex -3.39404 32.8498 3.2
      vertex -3.07838 33.0087 3.2
    endloop
  endfacet
  facet normal -0.492905 0.870083 0
    outer loop
      vertex -3.70154 32.6756 0
      vertex -3.39404 32.8498 3.2
      vertex -3.39404 32.8498 0
    endloop
  endfacet
  facet normal -0.492905 0.870083 0
    outer loop
      vertex -3.70154 32.6756 0
      vertex -3.70154 32.6756 3.2
      vertex -3.39404 32.8498 3.2
    endloop
  endfacet
  facet normal -0.534887 0.844924 0
    outer loop
      vertex -4.00009 32.4866 0
      vertex -3.70154 32.6756 3.2
      vertex -3.70154 32.6756 0
    endloop
  endfacet
  facet normal -0.534887 0.844924 0
    outer loop
      vertex -4.00009 32.4866 0
      vertex -4.00009 32.4866 3.2
      vertex -3.70154 32.6756 3.2
    endloop
  endfacet
  facet normal -0.575819 0.817577 0
    outer loop
      vertex -4.28903 32.2831 0
      vertex -4.00009 32.4866 3.2
      vertex -4.00009 32.4866 0
    endloop
  endfacet
  facet normal -0.575819 0.817577 0
    outer loop
      vertex -4.28903 32.2831 0
      vertex -4.28903 32.2831 3.2
      vertex -4.00009 32.4866 3.2
    endloop
  endfacet
  facet normal -0.615194 0.788376 0
    outer loop
      vertex -4.56763 32.0657 0
      vertex -4.28903 32.2831 3.2
      vertex -4.28903 32.2831 0
    endloop
  endfacet
  facet normal -0.615194 0.788376 0
    outer loop
      vertex -4.56763 32.0657 0
      vertex -4.56763 32.0657 3.2
      vertex -4.28903 32.2831 3.2
    endloop
  endfacet
  facet normal -0.653295 0.757103 0
    outer loop
      vertex -4.83522 31.8348 0
      vertex -4.56763 32.0657 3.2
      vertex -4.56763 32.0657 0
    endloop
  endfacet
  facet normal -0.653295 0.757103 0
    outer loop
      vertex -4.83522 31.8348 0
      vertex -4.83522 31.8348 3.2
      vertex -4.56763 32.0657 3.2
    endloop
  endfacet
  facet normal -0.689429 0.724353 0
    outer loop
      vertex -5.09116 31.5912 0
      vertex -4.83522 31.8348 3.2
      vertex -4.83522 31.8348 0
    endloop
  endfacet
  facet normal -0.689429 0.724353 0
    outer loop
      vertex -5.09116 31.5912 0
      vertex -5.09116 31.5912 3.2
      vertex -4.83522 31.8348 3.2
    endloop
  endfacet
  facet normal -0.724321 0.689463 0
    outer loop
      vertex -5.33484 31.3352 0
      vertex -5.09116 31.5912 3.2
      vertex -5.09116 31.5912 0
    endloop
  endfacet
  facet normal -0.724321 0.689463 0
    outer loop
      vertex -5.33484 31.3352 0
      vertex -5.33484 31.3352 3.2
      vertex -5.09116 31.5912 3.2
    endloop
  endfacet
  facet normal -0.757214 0.653167 0
    outer loop
      vertex -5.56567 31.0676 0
      vertex -5.33484 31.3352 3.2
      vertex -5.33484 31.3352 0
    endloop
  endfacet
  facet normal -0.757214 0.653167 0
    outer loop
      vertex -5.56567 31.0676 0
      vertex -5.56567 31.0676 3.2
      vertex -5.33484 31.3352 3.2
    endloop
  endfacet
  facet normal -0.788362 0.615211 0
    outer loop
      vertex -5.78308 30.789 0
      vertex -5.56567 31.0676 3.2
      vertex -5.56567 31.0676 0
    endloop
  endfacet
  facet normal -0.788362 0.615211 0
    outer loop
      vertex -5.78308 30.789 0
      vertex -5.78308 30.789 3.2
      vertex -5.56567 31.0676 3.2
    endloop
  endfacet
  facet normal -0.817553 0.575853 0
    outer loop
      vertex -5.98657 30.5001 0
      vertex -5.78308 30.789 3.2
      vertex -5.78308 30.789 0
    endloop
  endfacet
  facet normal -0.817553 0.575853 0
    outer loop
      vertex -5.98657 30.5001 0
      vertex -5.98657 30.5001 3.2
      vertex -5.78308 30.789 3.2
    endloop
  endfacet
  facet normal -0.844874 0.534965 0
    outer loop
      vertex -6.17564 30.2015 0
      vertex -5.98657 30.5001 3.2
      vertex -5.98657 30.5001 0
    endloop
  endfacet
  facet normal -0.844874 0.534965 0
    outer loop
      vertex -6.17564 30.2015 0
      vertex -6.17564 30.2015 3.2
      vertex -5.98657 30.5001 3.2
    endloop
  endfacet
  facet normal -0.870107 0.492863 0
    outer loop
      vertex -6.34982 29.894 0
      vertex -6.17564 30.2015 3.2
      vertex -6.17564 30.2015 0
    endloop
  endfacet
  facet normal -0.870107 0.492863 0
    outer loop
      vertex -6.34982 29.894 0
      vertex -6.34982 29.894 3.2
      vertex -6.17564 30.2015 3.2
    endloop
  endfacet
  facet normal -0.89319 0.44968 0
    outer loop
      vertex -6.50871 29.5784 0
      vertex -6.34982 29.894 3.2
      vertex -6.34982 29.894 0
    endloop
  endfacet
  facet normal -0.89319 0.44968 0
    outer loop
      vertex -6.50871 29.5784 0
      vertex -6.50871 29.5784 3.2
      vertex -6.34982 29.894 3.2
    endloop
  endfacet
  facet normal -0.91421 0.40524 0
    outer loop
      vertex -6.65193 29.2553 0
      vertex -6.50871 29.5784 3.2
      vertex -6.50871 29.5784 0
    endloop
  endfacet
  facet normal -0.91421 0.40524 0
    outer loop
      vertex -6.65193 29.2553 0
      vertex -6.65193 29.2553 3.2
      vertex -6.50871 29.5784 3.2
    endloop
  endfacet
  facet normal -0.932992 0.359897 0
    outer loop
      vertex -6.77911 28.9256 0
      vertex -6.65193 29.2553 3.2
      vertex -6.65193 29.2553 0
    endloop
  endfacet
  facet normal -0.932992 0.359897 0
    outer loop
      vertex -6.77911 28.9256 0
      vertex -6.77911 28.9256 3.2
      vertex -6.65193 29.2553 3.2
    endloop
  endfacet
  facet normal -0.949534 0.313663 0
    outer loop
      vertex -6.88997 28.59 0
      vertex -6.77911 28.9256 3.2
      vertex -6.77911 28.9256 0
    endloop
  endfacet
  facet normal -0.949534 0.313663 0
    outer loop
      vertex -6.88997 28.59 0
      vertex -6.88997 28.59 3.2
      vertex -6.77911 28.9256 3.2
    endloop
  endfacet
  facet normal -0.963761 0.266768 0
    outer loop
      vertex -6.98422 28.2495 0
      vertex -6.88997 28.59 3.2
      vertex -6.88997 28.59 0
    endloop
  endfacet
  facet normal -0.963761 0.266768 0
    outer loop
      vertex -6.98422 28.2495 0
      vertex -6.98422 28.2495 3.2
      vertex -6.88997 28.59 3.2
    endloop
  endfacet
  facet normal -0.975714 0.219048 0
    outer loop
      vertex -7.06165 27.9046 0
      vertex -6.98422 28.2495 3.2
      vertex -6.98422 28.2495 0
    endloop
  endfacet
  facet normal -0.975714 0.219048 0
    outer loop
      vertex -7.06165 27.9046 0
      vertex -7.06165 27.9046 3.2
      vertex -6.98422 28.2495 3.2
    endloop
  endfacet
  facet normal -0.985269 0.171014 0
    outer loop
      vertex -7.12207 27.5565 0
      vertex -7.06165 27.9046 3.2
      vertex -7.06165 27.9046 0
    endloop
  endfacet
  facet normal -0.985269 0.171014 0
    outer loop
      vertex -7.12207 27.5565 0
      vertex -7.12207 27.5565 3.2
      vertex -7.06165 27.9046 3.2
    endloop
  endfacet
  facet normal -0.992482 0.122391 0
    outer loop
      vertex -7.16533 27.2057 0
      vertex -7.12207 27.5565 3.2
      vertex -7.12207 27.5565 0
    endloop
  endfacet
  facet normal -0.992482 0.122391 0
    outer loop
      vertex -7.16533 27.2057 0
      vertex -7.16533 27.2057 3.2
      vertex -7.12207 27.5565 3.2
    endloop
  endfacet
  facet normal -0.997293 0.0735235 0
    outer loop
      vertex -7.19131 26.8533 0
      vertex -7.16533 27.2057 3.2
      vertex -7.16533 27.2057 0
    endloop
  endfacet
  facet normal -0.997293 0.0735235 0
    outer loop
      vertex -7.19131 26.8533 0
      vertex -7.19131 26.8533 3.2
      vertex -7.16533 27.2057 3.2
    endloop
  endfacet
  facet normal -0.999698 0.0245892 0
    outer loop
      vertex -7.2 26.5 0
      vertex -7.19131 26.8533 3.2
      vertex -7.19131 26.8533 0
    endloop
  endfacet
  facet normal -0.999698 0.0245892 0
    outer loop
      vertex -7.2 26.5 0
      vertex -7.2 26.5 3.2
      vertex -7.19131 26.8533 3.2
    endloop
  endfacet
  facet normal -0.999698 -0.0245892 0
    outer loop
      vertex -7.19131 26.1467 0
      vertex -7.2 26.5 3.2
      vertex -7.2 26.5 0
    endloop
  endfacet
  facet normal -0.999698 -0.0245892 0
    outer loop
      vertex -7.19131 26.1467 0
      vertex -7.19131 26.1467 3.2
      vertex -7.2 26.5 3.2
    endloop
  endfacet
  facet normal -0.997293 -0.0735235 0
    outer loop
      vertex -7.16533 25.7943 0
      vertex -7.19131 26.1467 3.2
      vertex -7.19131 26.1467 0
    endloop
  endfacet
  facet normal -0.997293 -0.0735235 0
    outer loop
      vertex -7.16533 25.7943 0
      vertex -7.16533 25.7943 3.2
      vertex -7.19131 26.1467 3.2
    endloop
  endfacet
  facet normal -0.992482 -0.122391 0
    outer loop
      vertex -7.12207 25.4435 0
      vertex -7.16533 25.7943 3.2
      vertex -7.16533 25.7943 0
    endloop
  endfacet
  facet normal -0.992482 -0.122391 0
    outer loop
      vertex -7.12207 25.4435 0
      vertex -7.12207 25.4435 3.2
      vertex -7.16533 25.7943 3.2
    endloop
  endfacet
  facet normal -0.985277 -0.170966 0
    outer loop
      vertex -7.06165 25.0953 0
      vertex -7.12207 25.4435 3.2
      vertex -7.12207 25.4435 0
    endloop
  endfacet
  facet normal -0.985277 -0.170966 0
    outer loop
      vertex -7.06165 25.0953 0
      vertex -7.06165 25.0953 3.2
      vertex -7.12207 25.4435 3.2
    endloop
  endfacet
  facet normal -0.975701 -0.219108 0
    outer loop
      vertex -6.98422 24.7505 0
      vertex -7.06165 25.0953 3.2
      vertex -7.06165 25.0953 0
    endloop
  endfacet
  facet normal -0.975701 -0.219108 0
    outer loop
      vertex -6.98422 24.7505 0
      vertex -6.98422 24.7505 3.2
      vertex -7.06165 25.0953 3.2
    endloop
  endfacet
  facet normal -0.963781 -0.266695 0
    outer loop
      vertex -6.88997 24.4099 0
      vertex -6.98422 24.7505 3.2
      vertex -6.98422 24.7505 0
    endloop
  endfacet
  facet normal -0.963781 -0.266695 0
    outer loop
      vertex -6.88997 24.4099 0
      vertex -6.88997 24.4099 3.2
      vertex -6.98422 24.7505 3.2
    endloop
  endfacet
  facet normal -0.949506 -0.313747 0
    outer loop
      vertex -6.77911 24.0744 0
      vertex -6.88997 24.4099 3.2
      vertex -6.88997 24.4099 0
    endloop
  endfacet
  facet normal -0.949506 -0.313747 0
    outer loop
      vertex -6.77911 24.0744 0
      vertex -6.77911 24.0744 3.2
      vertex -6.88997 24.4099 3.2
    endloop
  endfacet
  facet normal -0.933002 -0.359872 0
    outer loop
      vertex -6.77263 24.0576 0
      vertex -6.77911 24.0744 3.2
      vertex -6.77911 24.0744 0
    endloop
  endfacet
  facet normal -0.933002 -0.359872 0
    outer loop
      vertex -6.77263 24.0576 0
      vertex -6.77263 24.0576 3.2
      vertex -6.77911 24.0744 3.2
    endloop
  endfacet
  facet normal -0.266761 0.963763 0
    outer loop
      vertex -7.25711 23.9235 0
      vertex -6.77263 24.0576 3.2
      vertex -6.77263 24.0576 0
    endloop
  endfacet
  facet normal -0.266761 0.963763 0
    outer loop
      vertex -7.25711 23.9235 0
      vertex -7.25711 23.9235 3.2
      vertex -6.77263 24.0576 3.2
    endloop
  endfacet
  facet normal -0.313677 0.94953 0
    outer loop
      vertex -8.42224 23.5386 0
      vertex -7.25711 23.9235 3.2
      vertex -7.25711 23.9235 0
    endloop
  endfacet
  facet normal -0.313677 0.94953 0
    outer loop
      vertex -8.42224 23.5386 0
      vertex -8.42224 23.5386 3.2
      vertex -7.25711 23.9235 3.2
    endloop
  endfacet
  facet normal -0.359885 0.932996 0
    outer loop
      vertex -9.56708 23.097 0
      vertex -8.42224 23.5386 3.2
      vertex -8.42224 23.5386 0
    endloop
  endfacet
  facet normal -0.359885 0.932996 0
    outer loop
      vertex -9.56708 23.097 0
      vertex -9.56708 23.097 3.2
      vertex -8.42224 23.5386 3.2
    endloop
  endfacet
  facet normal -0.405263 0.9142 0
    outer loop
      vertex -10.6889 22.5997 0
      vertex -9.56708 23.097 3.2
      vertex -9.56708 23.097 0
    endloop
  endfacet
  facet normal -0.405263 0.9142 0
    outer loop
      vertex -10.6889 22.5997 0
      vertex -10.6889 22.5997 3.2
      vertex -9.56708 23.097 3.2
    endloop
  endfacet
  facet normal -0.449624 0.893218 0
    outer loop
      vertex -11.7849 22.048 0
      vertex -10.6889 22.5997 3.2
      vertex -10.6889 22.5997 0
    endloop
  endfacet
  facet normal -0.449624 0.893218 0
    outer loop
      vertex -11.7849 22.048 0
      vertex -11.7849 22.048 3.2
      vertex -10.6889 22.5997 3.2
    endloop
  endfacet
  facet normal -0.492871 0.870103 0
    outer loop
      vertex -12.8526 21.4432 0
      vertex -11.7849 22.048 3.2
      vertex -11.7849 22.048 0
    endloop
  endfacet
  facet normal -0.492871 0.870103 0
    outer loop
      vertex -12.8526 21.4432 0
      vertex -12.8526 21.4432 3.2
      vertex -11.7849 22.048 3.2
    endloop
  endfacet
  facet normal -0.535007 0.844847 0
    outer loop
      vertex -13.8893 20.7867 0
      vertex -12.8526 21.4432 3.2
      vertex -12.8526 21.4432 0
    endloop
  endfacet
  facet normal -0.535007 0.844847 0
    outer loop
      vertex -13.8893 20.7867 0
      vertex -13.8893 20.7867 3.2
      vertex -12.8526 21.4432 3.2
    endloop
  endfacet
  facet normal -0.57579 0.817598 0
    outer loop
      vertex -14.8925 20.0802 0
      vertex -13.8893 20.7867 3.2
      vertex -13.8893 20.7867 0
    endloop
  endfacet
  facet normal -0.57579 0.817598 0
    outer loop
      vertex -14.8925 20.0802 0
      vertex -14.8925 20.0802 3.2
      vertex -13.8893 20.7867 3.2
    endloop
  endfacet
  facet normal -0.615238 0.788342 0
    outer loop
      vertex -15.8598 19.3253 0
      vertex -14.8925 20.0802 3.2
      vertex -14.8925 20.0802 0
    endloop
  endfacet
  facet normal -0.615238 0.788342 0
    outer loop
      vertex -15.8598 19.3253 0
      vertex -15.8598 19.3253 3.2
      vertex -14.8925 20.0802 3.2
    endloop
  endfacet
  facet normal -0.653157 0.757222 0
    outer loop
      vertex -16.789 18.5238 0
      vertex -15.8598 19.3253 3.2
      vertex -15.8598 19.3253 0
    endloop
  endfacet
  facet normal -0.653157 0.757222 0
    outer loop
      vertex -16.789 18.5238 0
      vertex -16.789 18.5238 3.2
      vertex -15.8598 19.3253 3.2
    endloop
  endfacet
  facet normal -0.689535 0.724252 0
    outer loop
      vertex -17.6777 17.6777 0
      vertex -16.789 18.5238 3.2
      vertex -16.789 18.5238 0
    endloop
  endfacet
  facet normal -0.689535 0.724252 0
    outer loop
      vertex -17.6777 17.6777 0
      vertex -17.6777 17.6777 3.2
      vertex -16.789 18.5238 3.2
    endloop
  endfacet
  facet normal -0.724252 0.689535 0
    outer loop
      vertex -18.5238 16.789 0
      vertex -17.6777 17.6777 3.2
      vertex -17.6777 17.6777 0
    endloop
  endfacet
  facet normal -0.724252 0.689535 0
    outer loop
      vertex -18.5238 16.789 0
      vertex -18.5238 16.789 3.2
      vertex -17.6777 17.6777 3.2
    endloop
  endfacet
  facet normal -0.757222 0.653157 0
    outer loop
      vertex -19.3253 15.8598 0
      vertex -18.5238 16.789 3.2
      vertex -18.5238 16.789 0
    endloop
  endfacet
  facet normal -0.757222 0.653157 0
    outer loop
      vertex -19.3253 15.8598 0
      vertex -19.3253 15.8598 3.2
      vertex -18.5238 16.789 3.2
    endloop
  endfacet
  facet normal -0.788342 0.615238 0
    outer loop
      vertex -20.0802 14.8925 0
      vertex -19.3253 15.8598 3.2
      vertex -19.3253 15.8598 0
    endloop
  endfacet
  facet normal -0.788342 0.615238 0
    outer loop
      vertex -20.0802 14.8925 0
      vertex -20.0802 14.8925 3.2
      vertex -19.3253 15.8598 3.2
    endloop
  endfacet
  facet normal -0.817598 0.57579 0
    outer loop
      vertex -20.7867 13.8893 0
      vertex -20.0802 14.8925 3.2
      vertex -20.0802 14.8925 0
    endloop
  endfacet
  facet normal -0.817598 0.57579 0
    outer loop
      vertex -20.7867 13.8893 0
      vertex -20.7867 13.8893 3.2
      vertex -20.0802 14.8925 3.2
    endloop
  endfacet
  facet normal -0.844847 0.535007 0
    outer loop
      vertex -21.4432 12.8526 0
      vertex -20.7867 13.8893 3.2
      vertex -20.7867 13.8893 0
    endloop
  endfacet
  facet normal -0.844847 0.535007 0
    outer loop
      vertex -21.4432 12.8526 0
      vertex -21.4432 12.8526 3.2
      vertex -20.7867 13.8893 3.2
    endloop
  endfacet
  facet normal -0.870103 0.492871 0
    outer loop
      vertex -22.048 11.7849 0
      vertex -21.4432 12.8526 3.2
      vertex -21.4432 12.8526 0
    endloop
  endfacet
  facet normal -0.870103 0.492871 0
    outer loop
      vertex -22.048 11.7849 0
      vertex -22.048 11.7849 3.2
      vertex -21.4432 12.8526 3.2
    endloop
  endfacet
  facet normal -0.893218 0.449624 0
    outer loop
      vertex -22.5997 10.6889 0
      vertex -22.048 11.7849 3.2
      vertex -22.048 11.7849 0
    endloop
  endfacet
  facet normal -0.893218 0.449624 0
    outer loop
      vertex -22.5997 10.6889 0
      vertex -22.5997 10.6889 3.2
      vertex -22.048 11.7849 3.2
    endloop
  endfacet
  facet normal -0.9142 0.405263 0
    outer loop
      vertex -23.097 9.56708 0
      vertex -22.5997 10.6889 3.2
      vertex -22.5997 10.6889 0
    endloop
  endfacet
  facet normal -0.9142 0.405263 0
    outer loop
      vertex -23.097 9.56708 0
      vertex -23.097 9.56708 3.2
      vertex -22.5997 10.6889 3.2
    endloop
  endfacet
  facet normal -0.932996 0.359885 0
    outer loop
      vertex -23.5386 8.42224 0
      vertex -23.097 9.56708 3.2
      vertex -23.097 9.56708 0
    endloop
  endfacet
  facet normal -0.932996 0.359885 0
    outer loop
      vertex -23.5386 8.42224 0
      vertex -23.5386 8.42224 3.2
      vertex -23.097 9.56708 3.2
    endloop
  endfacet
  facet normal -0.94953 0.313677 0
    outer loop
      vertex -23.9235 7.25711 0
      vertex -23.5386 8.42224 3.2
      vertex -23.5386 8.42224 0
    endloop
  endfacet
  facet normal -0.94953 0.313677 0
    outer loop
      vertex -23.9235 7.25711 0
      vertex -23.9235 7.25711 3.2
      vertex -23.5386 8.42224 3.2
    endloop
  endfacet
  facet normal -0.963771 0.266732 0
    outer loop
      vertex -24.2508 6.07449 0
      vertex -23.9235 7.25711 3.2
      vertex -23.9235 7.25711 0
    endloop
  endfacet
  facet normal -0.963771 0.266732 0
    outer loop
      vertex -24.2508 6.07449 0
      vertex -24.2508 6.07449 3.2
      vertex -23.9235 7.25711 3.2
    endloop
  endfacet
  facet normal -0.975711 0.219061 0
    outer loop
      vertex -24.5196 4.87724 0
      vertex -24.2508 6.07449 3.2
      vertex -24.2508 6.07449 0
    endloop
  endfacet
  facet normal -0.975711 0.219061 0
    outer loop
      vertex -24.5196 4.87724 0
      vertex -24.5196 4.87724 3.2
      vertex -24.2508 6.07449 3.2
    endloop
  endfacet
  facet normal -0.985275 0.170979 0
    outer loop
      vertex -24.7294 3.66826 0
      vertex -24.5196 4.87724 3.2
      vertex -24.5196 4.87724 0
    endloop
  endfacet
  facet normal -0.985275 0.170979 0
    outer loop
      vertex -24.7294 3.66826 0
      vertex -24.7294 3.66826 3.2
      vertex -24.5196 4.87724 3.2
    endloop
  endfacet
  facet normal -0.99248 0.122406 0
    outer loop
      vertex -24.8796 2.45042 0
      vertex -24.7294 3.66826 3.2
      vertex -24.7294 3.66826 0
    endloop
  endfacet
  facet normal -0.99248 0.122406 0
    outer loop
      vertex -24.8796 2.45042 0
      vertex -24.8796 2.45042 3.2
      vertex -24.7294 3.66826 3.2
    endloop
  endfacet
  facet normal -0.997289 0.0735901 0
    outer loop
      vertex -24.9699 1.22668 0
      vertex -24.8796 2.45042 3.2
      vertex -24.8796 2.45042 0
    endloop
  endfacet
  facet normal -0.997289 0.0735901 0
    outer loop
      vertex -24.9699 1.22668 0
      vertex -24.9699 1.22668 3.2
      vertex -24.8796 2.45042 3.2
    endloop
  endfacet
  facet normal -0.999699 0.0245304 0
    outer loop
      vertex -25 0 0
      vertex -24.9699 1.22668 3.2
      vertex -24.9699 1.22668 0
    endloop
  endfacet
  facet normal -0.999699 0.0245304 0
    outer loop
      vertex -25 0 0
      vertex -25 0 3.2
      vertex -24.9699 1.22668 3.2
    endloop
  endfacet
  facet normal -0.999699 -0.0245304 0
    outer loop
      vertex -24.9699 -1.22668 0
      vertex -25 0 3.2
      vertex -25 0 0
    endloop
  endfacet
  facet normal -0.999699 -0.0245304 0
    outer loop
      vertex -24.9699 -1.22668 0
      vertex -24.9699 -1.22668 3.2
      vertex -25 0 3.2
    endloop
  endfacet
  facet normal -0.997289 -0.0735901 0
    outer loop
      vertex -24.8796 -2.45042 0
      vertex -24.9699 -1.22668 3.2
      vertex -24.9699 -1.22668 0
    endloop
  endfacet
  facet normal -0.997289 -0.0735901 0
    outer loop
      vertex -24.8796 -2.45042 0
      vertex -24.8796 -2.45042 3.2
      vertex -24.9699 -1.22668 3.2
    endloop
  endfacet
  facet normal -0.99248 -0.122406 0
    outer loop
      vertex -24.7294 -3.66826 0
      vertex -24.8796 -2.45042 3.2
      vertex -24.8796 -2.45042 0
    endloop
  endfacet
  facet normal -0.99248 -0.122406 0
    outer loop
      vertex -24.7294 -3.66826 0
      vertex -24.7294 -3.66826 3.2
      vertex -24.8796 -2.45042 3.2
    endloop
  endfacet
  facet normal -0.985275 -0.170979 0
    outer loop
      vertex -24.5196 -4.87724 0
      vertex -24.7294 -3.66826 3.2
      vertex -24.7294 -3.66826 0
    endloop
  endfacet
  facet normal -0.985275 -0.170979 0
    outer loop
      vertex -24.5196 -4.87724 0
      vertex -24.5196 -4.87724 3.2
      vertex -24.7294 -3.66826 3.2
    endloop
  endfacet
  facet normal -0.975711 -0.219061 0
    outer loop
      vertex -24.2508 -6.07449 0
      vertex -24.5196 -4.87724 3.2
      vertex -24.5196 -4.87724 0
    endloop
  endfacet
  facet normal -0.975711 -0.219061 0
    outer loop
      vertex -24.2508 -6.07449 0
      vertex -24.2508 -6.07449 3.2
      vertex -24.5196 -4.87724 3.2
    endloop
  endfacet
  facet normal -0.963771 -0.266732 0
    outer loop
      vertex -23.9235 -7.25711 0
      vertex -24.2508 -6.07449 3.2
      vertex -24.2508 -6.07449 0
    endloop
  endfacet
  facet normal -0.963771 -0.266732 0
    outer loop
      vertex -23.9235 -7.25711 0
      vertex -23.9235 -7.25711 3.2
      vertex -24.2508 -6.07449 3.2
    endloop
  endfacet
  facet normal -0.94953 -0.313677 0
    outer loop
      vertex -23.5386 -8.42224 0
      vertex -23.9235 -7.25711 3.2
      vertex -23.9235 -7.25711 0
    endloop
  endfacet
  facet normal -0.94953 -0.313677 0
    outer loop
      vertex -23.5386 -8.42224 0
      vertex -23.5386 -8.42224 3.2
      vertex -23.9235 -7.25711 3.2
    endloop
  endfacet
  facet normal -0.932996 -0.359885 0
    outer loop
      vertex -23.097 -9.56708 0
      vertex -23.5386 -8.42224 3.2
      vertex -23.5386 -8.42224 0
    endloop
  endfacet
  facet normal -0.932996 -0.359885 0
    outer loop
      vertex -23.097 -9.56708 0
      vertex -23.097 -9.56708 3.2
      vertex -23.5386 -8.42224 3.2
    endloop
  endfacet
  facet normal -0.9142 -0.405263 0
    outer loop
      vertex -22.5997 -10.6889 0
      vertex -23.097 -9.56708 3.2
      vertex -23.097 -9.56708 0
    endloop
  endfacet
  facet normal -0.9142 -0.405263 0
    outer loop
      vertex -22.5997 -10.6889 0
      vertex -22.5997 -10.6889 3.2
      vertex -23.097 -9.56708 3.2
    endloop
  endfacet
  facet normal -0.893218 -0.449624 0
    outer loop
      vertex -22.048 -11.7849 0
      vertex -22.5997 -10.6889 3.2
      vertex -22.5997 -10.6889 0
    endloop
  endfacet
  facet normal -0.893218 -0.449624 0
    outer loop
      vertex -22.048 -11.7849 0
      vertex -22.048 -11.7849 3.2
      vertex -22.5997 -10.6889 3.2
    endloop
  endfacet
  facet normal -0.870103 -0.492871 0
    outer loop
      vertex -21.4432 -12.8526 0
      vertex -22.048 -11.7849 3.2
      vertex -22.048 -11.7849 0
    endloop
  endfacet
  facet normal -0.870103 -0.492871 0
    outer loop
      vertex -21.4432 -12.8526 0
      vertex -21.4432 -12.8526 3.2
      vertex -22.048 -11.7849 3.2
    endloop
  endfacet
  facet normal -0.844847 -0.535007 0
    outer loop
      vertex -20.7867 -13.8893 0
      vertex -21.4432 -12.8526 3.2
      vertex -21.4432 -12.8526 0
    endloop
  endfacet
  facet normal -0.844847 -0.535007 0
    outer loop
      vertex -20.7867 -13.8893 0
      vertex -20.7867 -13.8893 3.2
      vertex -21.4432 -12.8526 3.2
    endloop
  endfacet
  facet normal -0.817598 -0.57579 0
    outer loop
      vertex -20.0802 -14.8925 0
      vertex -20.7867 -13.8893 3.2
      vertex -20.7867 -13.8893 0
    endloop
  endfacet
  facet normal -0.817598 -0.57579 0
    outer loop
      vertex -20.0802 -14.8925 0
      vertex -20.0802 -14.8925 3.2
      vertex -20.7867 -13.8893 3.2
    endloop
  endfacet
  facet normal -0.788342 -0.615238 0
    outer loop
      vertex -19.3253 -15.8598 0
      vertex -20.0802 -14.8925 3.2
      vertex -20.0802 -14.8925 0
    endloop
  endfacet
  facet normal -0.788342 -0.615238 0
    outer loop
      vertex -19.3253 -15.8598 0
      vertex -19.3253 -15.8598 3.2
      vertex -20.0802 -14.8925 3.2
    endloop
  endfacet
  facet normal -0.757222 -0.653157 0
    outer loop
      vertex -18.5238 -16.789 0
      vertex -19.3253 -15.8598 3.2
      vertex -19.3253 -15.8598 0
    endloop
  endfacet
  facet normal -0.757222 -0.653157 0
    outer loop
      vertex -18.5238 -16.789 0
      vertex -18.5238 -16.789 3.2
      vertex -19.3253 -15.8598 3.2
    endloop
  endfacet
  facet normal -0.724252 -0.689535 0
    outer loop
      vertex -17.6777 -17.6777 0
      vertex -18.5238 -16.789 3.2
      vertex -18.5238 -16.789 0
    endloop
  endfacet
  facet normal -0.724252 -0.689535 0
    outer loop
      vertex -17.6777 -17.6777 0
      vertex -17.6777 -17.6777 3.2
      vertex -18.5238 -16.789 3.2
    endloop
  endfacet
  facet normal -0.689535 -0.724252 0
    outer loop
      vertex -16.789 -18.5238 0
      vertex -17.6777 -17.6777 3.2
      vertex -17.6777 -17.6777 0
    endloop
  endfacet
  facet normal -0.689535 -0.724252 0
    outer loop
      vertex -16.789 -18.5238 0
      vertex -16.789 -18.5238 3.2
      vertex -17.6777 -17.6777 3.2
    endloop
  endfacet
  facet normal -0.653157 -0.757222 0
    outer loop
      vertex -15.8598 -19.3253 0
      vertex -16.789 -18.5238 3.2
      vertex -16.789 -18.5238 0
    endloop
  endfacet
  facet normal -0.653157 -0.757222 0
    outer loop
      vertex -15.8598 -19.3253 0
      vertex -15.8598 -19.3253 3.2
      vertex -16.789 -18.5238 3.2
    endloop
  endfacet
  facet normal -0.615238 -0.788342 0
    outer loop
      vertex -14.8925 -20.0802 0
      vertex -15.8598 -19.3253 3.2
      vertex -15.8598 -19.3253 0
    endloop
  endfacet
  facet normal -0.615238 -0.788342 0
    outer loop
      vertex -14.8925 -20.0802 0
      vertex -14.8925 -20.0802 3.2
      vertex -15.8598 -19.3253 3.2
    endloop
  endfacet
  facet normal -0.57579 -0.817598 0
    outer loop
      vertex -13.8893 -20.7867 0
      vertex -14.8925 -20.0802 3.2
      vertex -14.8925 -20.0802 0
    endloop
  endfacet
  facet normal -0.57579 -0.817598 0
    outer loop
      vertex -13.8893 -20.7867 0
      vertex -13.8893 -20.7867 3.2
      vertex -14.8925 -20.0802 3.2
    endloop
  endfacet
  facet normal -0.535007 -0.844847 0
    outer loop
      vertex -12.8526 -21.4432 0
      vertex -13.8893 -20.7867 3.2
      vertex -13.8893 -20.7867 0
    endloop
  endfacet
  facet normal -0.535007 -0.844847 0
    outer loop
      vertex -12.8526 -21.4432 0
      vertex -12.8526 -21.4432 3.2
      vertex -13.8893 -20.7867 3.2
    endloop
  endfacet
  facet normal -0.492871 -0.870103 0
    outer loop
      vertex -11.7849 -22.048 0
      vertex -12.8526 -21.4432 3.2
      vertex -12.8526 -21.4432 0
    endloop
  endfacet
  facet normal -0.492871 -0.870103 0
    outer loop
      vertex -11.7849 -22.048 0
      vertex -11.7849 -22.048 3.2
      vertex -12.8526 -21.4432 3.2
    endloop
  endfacet
  facet normal -0.449624 -0.893218 0
    outer loop
      vertex -10.6889 -22.5997 0
      vertex -11.7849 -22.048 3.2
      vertex -11.7849 -22.048 0
    endloop
  endfacet
  facet normal -0.449624 -0.893218 0
    outer loop
      vertex -10.6889 -22.5997 0
      vertex -10.6889 -22.5997 3.2
      vertex -11.7849 -22.048 3.2
    endloop
  endfacet
  facet normal -0.405263 -0.9142 0
    outer loop
      vertex -9.56708 -23.097 0
      vertex -10.6889 -22.5997 3.2
      vertex -10.6889 -22.5997 0
    endloop
  endfacet
  facet normal -0.405263 -0.9142 0
    outer loop
      vertex -9.56708 -23.097 0
      vertex -9.56708 -23.097 3.2
      vertex -10.6889 -22.5997 3.2
    endloop
  endfacet
  facet normal -0.359885 -0.932996 0
    outer loop
      vertex -8.42224 -23.5386 0
      vertex -9.56708 -23.097 3.2
      vertex -9.56708 -23.097 0
    endloop
  endfacet
  facet normal -0.359885 -0.932996 0
    outer loop
      vertex -8.42224 -23.5386 0
      vertex -8.42224 -23.5386 3.2
      vertex -9.56708 -23.097 3.2
    endloop
  endfacet
  facet normal -0.313677 -0.94953 0
    outer loop
      vertex -7.25711 -23.9235 0
      vertex -8.42224 -23.5386 3.2
      vertex -8.42224 -23.5386 0
    endloop
  endfacet
  facet normal -0.313677 -0.94953 0
    outer loop
      vertex -7.25711 -23.9235 0
      vertex -7.25711 -23.9235 3.2
      vertex -8.42224 -23.5386 3.2
    endloop
  endfacet
  facet normal -0.266732 -0.963771 0
    outer loop
      vertex -6.07449 -24.2508 0
      vertex -7.25711 -23.9235 3.2
      vertex -7.25711 -23.9235 0
    endloop
  endfacet
  facet normal -0.266732 -0.963771 0
    outer loop
      vertex -6.07449 -24.2508 0
      vertex -6.07449 -24.2508 3.2
      vertex -7.25711 -23.9235 3.2
    endloop
  endfacet
  facet normal -0.219061 -0.975711 0
    outer loop
      vertex -4.87724 -24.5196 0
      vertex -6.07449 -24.2508 3.2
      vertex -6.07449 -24.2508 0
    endloop
  endfacet
  facet normal -0.219061 -0.975711 0
    outer loop
      vertex -4.87724 -24.5196 0
      vertex -4.87724 -24.5196 3.2
      vertex -6.07449 -24.2508 3.2
    endloop
  endfacet
  facet normal -0.170979 -0.985275 0
    outer loop
      vertex -3.66826 -24.7294 0
      vertex -4.87724 -24.5196 3.2
      vertex -4.87724 -24.5196 0
    endloop
  endfacet
  facet normal -0.170979 -0.985275 0
    outer loop
      vertex -3.66826 -24.7294 0
      vertex -3.66826 -24.7294 3.2
      vertex -4.87724 -24.5196 3.2
    endloop
  endfacet
  facet normal -0.122406 -0.99248 0
    outer loop
      vertex -2.45042 -24.8796 0
      vertex -3.66826 -24.7294 3.2
      vertex -3.66826 -24.7294 0
    endloop
  endfacet
  facet normal -0.122406 -0.99248 0
    outer loop
      vertex -2.45042 -24.8796 0
      vertex -2.45042 -24.8796 3.2
      vertex -3.66826 -24.7294 3.2
    endloop
  endfacet
  facet normal -0.0735901 -0.997289 0
    outer loop
      vertex -1.22668 -24.9699 0
      vertex -2.45042 -24.8796 3.2
      vertex -2.45042 -24.8796 0
    endloop
  endfacet
  facet normal -0.0735901 -0.997289 0
    outer loop
      vertex -1.22668 -24.9699 0
      vertex -1.22668 -24.9699 3.2
      vertex -2.45042 -24.8796 3.2
    endloop
  endfacet
  facet normal -0.0245304 -0.999699 0
    outer loop
      vertex 0 -25 0
      vertex -1.22668 -24.9699 3.2
      vertex -1.22668 -24.9699 0
    endloop
  endfacet
  facet normal -0.0245304 -0.999699 0
    outer loop
      vertex 0 -25 0
      vertex 0 -25 3.2
      vertex -1.22668 -24.9699 3.2
    endloop
  endfacet
  facet normal 0.0245304 -0.999699 0
    outer loop
      vertex 1.22668 -24.9699 0
      vertex 0 -25 3.2
      vertex 0 -25 0
    endloop
  endfacet
  facet normal 0.0245304 -0.999699 0
    outer loop
      vertex 1.22668 -24.9699 0
      vertex 1.22668 -24.9699 3.2
      vertex 0 -25 3.2
    endloop
  endfacet
  facet normal 0.0733538 0.997306 -0
    outer loop
      vertex -0.294037 23.5144 0
      vertex -0.294037 23.5144 3.2
      vertex -0.147202 23.5036 0
    endloop
  endfacet
  facet normal 0.0733538 0.997306 0
    outer loop
      vertex -0.147202 23.5036 3.2
      vertex -0.147202 23.5036 0
      vertex -0.294037 23.5144 3.2
    endloop
  endfacet
  facet normal 0.122907 0.992418 -0
    outer loop
      vertex -0.440186 23.5325 0
      vertex -0.440186 23.5325 3.2
      vertex -0.294037 23.5144 0
    endloop
  endfacet
  facet normal 0.122907 0.992418 0
    outer loop
      vertex -0.294037 23.5144 3.2
      vertex -0.294037 23.5144 0
      vertex -0.440186 23.5325 3.2
    endloop
  endfacet
  facet normal 0.170475 0.985362 -0
    outer loop
      vertex -0.585266 23.5576 0
      vertex -0.585266 23.5576 3.2
      vertex -0.440186 23.5325 0
    endloop
  endfacet
  facet normal 0.170475 0.985362 0
    outer loop
      vertex -0.440186 23.5325 3.2
      vertex -0.440186 23.5325 0
      vertex -0.585266 23.5576 3.2
    endloop
  endfacet
  facet normal 0.219357 0.975645 -0
    outer loop
      vertex -0.728928 23.5899 0
      vertex -0.728928 23.5899 3.2
      vertex -0.585266 23.5576 0
    endloop
  endfacet
  facet normal 0.219357 0.975645 0
    outer loop
      vertex -0.585266 23.5576 3.2
      vertex -0.585266 23.5576 0
      vertex -0.728928 23.5899 3.2
    endloop
  endfacet
  facet normal 0.26687 0.963733 -0
    outer loop
      vertex -0.87085 23.6292 0
      vertex -0.87085 23.6292 3.2
      vertex -0.728928 23.5899 0
    endloop
  endfacet
  facet normal 0.26687 0.963733 0
    outer loop
      vertex -0.728928 23.5899 3.2
      vertex -0.728928 23.5899 0
      vertex -0.87085 23.6292 3.2
    endloop
  endfacet
  facet normal 0.313741 0.949509 -0
    outer loop
      vertex -1.01067 23.6754 0
      vertex -1.01067 23.6754 3.2
      vertex -0.87085 23.6292 0
    endloop
  endfacet
  facet normal 0.313741 0.949509 0
    outer loop
      vertex -0.87085 23.6292 3.2
      vertex -0.87085 23.6292 0
      vertex -1.01067 23.6754 3.2
    endloop
  endfacet
  facet normal 0.359366 0.933197 -0
    outer loop
      vertex -1.14804 23.7283 0
      vertex -1.14804 23.7283 3.2
      vertex -1.01067 23.6754 0
    endloop
  endfacet
  facet normal 0.359366 0.933197 0
    outer loop
      vertex -1.01067 23.6754 3.2
      vertex -1.01067 23.6754 0
      vertex -1.14804 23.7283 3.2
    endloop
  endfacet
  facet normal 0.40542 0.914131 -0
    outer loop
      vertex -1.28265 23.788 0
      vertex -1.28265 23.788 3.2
      vertex -1.14804 23.7283 0
    endloop
  endfacet
  facet normal 0.40542 0.914131 0
    outer loop
      vertex -1.14804 23.7283 3.2
      vertex -1.14804 23.7283 0
      vertex -1.28265 23.788 3.2
    endloop
  endfacet
  facet normal 0.449575 0.893242 -0
    outer loop
      vertex -1.41418 23.8542 0
      vertex -1.41418 23.8542 3.2
      vertex -1.28265 23.788 0
    endloop
  endfacet
  facet normal 0.449575 0.893242 0
    outer loop
      vertex -1.28265 23.788 3.2
      vertex -1.28265 23.788 0
      vertex -1.41418 23.8542 3.2
    endloop
  endfacet
  facet normal 0.493006 0.870026 -0
    outer loop
      vertex -1.5423 23.9268 0
      vertex -1.5423 23.9268 3.2
      vertex -1.41418 23.8542 0
    endloop
  endfacet
  facet normal 0.493006 0.870026 0
    outer loop
      vertex -1.41418 23.8542 3.2
      vertex -1.41418 23.8542 0
      vertex -1.5423 23.9268 3.2
    endloop
  endfacet
  facet normal 0.535117 0.844778 -0
    outer loop
      vertex -1.6667 24.0056 0
      vertex -1.6667 24.0056 3.2
      vertex -1.5423 23.9268 0
    endloop
  endfacet
  facet normal 0.535117 0.844778 0
    outer loop
      vertex -1.5423 23.9268 3.2
      vertex -1.5423 23.9268 0
      vertex -1.6667 24.0056 3.2
    endloop
  endfacet
  facet normal 0.575862 0.817547 -0
    outer loop
      vertex -1.78709 24.0904 0
      vertex -1.78709 24.0904 3.2
      vertex -1.6667 24.0056 0
    endloop
  endfacet
  facet normal 0.575862 0.817547 0
    outer loop
      vertex -1.6667 24.0056 3.2
      vertex -1.6667 24.0056 0
      vertex -1.78709 24.0904 3.2
    endloop
  endfacet
  facet normal 0.615275 0.788313 -0
    outer loop
      vertex -1.90317 24.181 0
      vertex -1.90317 24.181 3.2
      vertex -1.78709 24.0904 0
    endloop
  endfacet
  facet normal 0.615275 0.788313 0
    outer loop
      vertex -1.78709 24.0904 3.2
      vertex -1.78709 24.0904 0
      vertex -1.90317 24.181 3.2
    endloop
  endfacet
  facet normal 0.652893 0.757451 -0
    outer loop
      vertex -2.01466 24.2771 0
      vertex -2.01466 24.2771 3.2
      vertex -1.90317 24.181 0
    endloop
  endfacet
  facet normal 0.652893 0.757451 0
    outer loop
      vertex -1.90317 24.181 3.2
      vertex -1.90317 24.181 0
      vertex -2.01466 24.2771 3.2
    endloop
  endfacet
  facet normal 0.689757 0.724041 -0
    outer loop
      vertex -2.12131 24.3787 0
      vertex -2.12131 24.3787 3.2
      vertex -2.01466 24.2771 0
    endloop
  endfacet
  facet normal 0.689757 0.724041 0
    outer loop
      vertex -2.01466 24.2771 3.2
      vertex -2.01466 24.2771 0
      vertex -2.12131 24.3787 3.2
    endloop
  endfacet
  facet normal 0.724117 0.689677 -0
    outer loop
      vertex -2.22284 24.4853 0
      vertex -2.22284 24.4853 3.2
      vertex -2.12131 24.3787 0
    endloop
  endfacet
  facet normal 0.724117 0.689677 0
    outer loop
      vertex -2.12131 24.3787 3.2
      vertex -2.12131 24.3787 0
      vertex -2.22284 24.4853 3.2
    endloop
  endfacet
  facet normal 0.757177 0.65321 -0
    outer loop
      vertex -2.31903 24.5968 0
      vertex -2.31903 24.5968 3.2
      vertex -2.22284 24.4853 0
    endloop
  endfacet
  facet normal 0.757177 0.65321 0
    outer loop
      vertex -2.22284 24.4853 3.2
      vertex -2.22284 24.4853 0
      vertex -2.31903 24.5968 3.2
    endloop
  endfacet
  facet normal 0.788397 0.615167 -0
    outer loop
      vertex -2.40962 24.7129 0
      vertex -2.40962 24.7129 3.2
      vertex -2.31903 24.5968 0
    endloop
  endfacet
  facet normal 0.788397 0.615167 0
    outer loop
      vertex -2.31903 24.5968 3.2
      vertex -2.31903 24.5968 0
      vertex -2.40962 24.7129 3.2
    endloop
  endfacet
  facet normal 0.817634 0.575739 -0
    outer loop
      vertex -2.4944 24.8333 0
      vertex -2.4944 24.8333 3.2
      vertex -2.40962 24.7129 0
    endloop
  endfacet
  facet normal 0.817634 0.575739 0
    outer loop
      vertex -2.40962 24.7129 3.2
      vertex -2.40962 24.7129 0
      vertex -2.4944 24.8333 3.2
    endloop
  endfacet
  facet normal 0.84484 0.53502 -0
    outer loop
      vertex -2.57318 24.9577 0
      vertex -2.57318 24.9577 3.2
      vertex -2.4944 24.8333 0
    endloop
  endfacet
  facet normal 0.84484 0.53502 0
    outer loop
      vertex -2.4944 24.8333 3.2
      vertex -2.4944 24.8333 0
      vertex -2.57318 24.9577 3.2
    endloop
  endfacet
  facet normal 0.87008 0.49291 -0
    outer loop
      vertex -2.64575 25.0858 0
      vertex -2.64575 25.0858 3.2
      vertex -2.57318 24.9577 0
    endloop
  endfacet
  facet normal 0.87008 0.49291 0
    outer loop
      vertex -2.57318 24.9577 3.2
      vertex -2.57318 24.9577 0
      vertex -2.64575 25.0858 3.2
    endloop
  endfacet
  facet normal 0.893174 0.449711 -0
    outer loop
      vertex -2.71196 25.2173 0
      vertex -2.71196 25.2173 3.2
      vertex -2.64575 25.0858 0
    endloop
  endfacet
  facet normal 0.893174 0.449711 0
    outer loop
      vertex -2.64575 25.0858 3.2
      vertex -2.64575 25.0858 0
      vertex -2.71196 25.2173 3.2
    endloop
  endfacet
  facet normal 0.91417 0.405332 -0
    outer loop
      vertex -2.77164 25.3519 0
      vertex -2.77164 25.3519 3.2
      vertex -2.71196 25.2173 0
    endloop
  endfacet
  facet normal 0.91417 0.405332 0
    outer loop
      vertex -2.71196 25.2173 3.2
      vertex -2.71196 25.2173 0
      vertex -2.77164 25.3519 3.2
    endloop
  endfacet
  facet normal 0.933018 0.35983 -0
    outer loop
      vertex -2.82463 25.4893 0
      vertex -2.82463 25.4893 3.2
      vertex -2.77164 25.3519 0
    endloop
  endfacet
  facet normal 0.933018 0.35983 0
    outer loop
      vertex -2.77164 25.3519 3.2
      vertex -2.77164 25.3519 0
      vertex -2.82463 25.4893 3.2
    endloop
  endfacet
  facet normal 0.949515 0.31372 -0
    outer loop
      vertex -2.87082 25.6291 0
      vertex -2.87082 25.6291 3.2
      vertex -2.82463 25.4893 0
    endloop
  endfacet
  facet normal 0.949515 0.31372 0
    outer loop
      vertex -2.82463 25.4893 3.2
      vertex -2.82463 25.4893 0
      vertex -2.87082 25.6291 3.2
    endloop
  endfacet
  facet normal 0.96384 0.266481 -0
    outer loop
      vertex -2.91008 25.7711 0
      vertex -2.91008 25.7711 3.2
      vertex -2.87082 25.6291 0
    endloop
  endfacet
  facet normal 0.96384 0.266481 0
    outer loop
      vertex -2.87082 25.6291 3.2
      vertex -2.87082 25.6291 0
      vertex -2.91008 25.7711 3.2
    endloop
  endfacet
  facet normal 0.975668 0.219254 -0
    outer loop
      vertex -2.94235 25.9147 0
      vertex -2.94235 25.9147 3.2
      vertex -2.91008 25.7711 0
    endloop
  endfacet
  facet normal 0.975668 0.219254 0
    outer loop
      vertex -2.91008 25.7711 3.2
      vertex -2.91008 25.7711 0
      vertex -2.94235 25.9147 3.2
    endloop
  endfacet
  facet normal 0.985274 0.17098 -0
    outer loop
      vertex -2.96753 26.0598 0
      vertex -2.96753 26.0598 3.2
      vertex -2.94235 25.9147 0
    endloop
  endfacet
  facet normal 0.985274 0.17098 0
    outer loop
      vertex -2.94235 25.9147 3.2
      vertex -2.94235 25.9147 0
      vertex -2.96753 26.0598 3.2
    endloop
  endfacet
  facet normal 0.992479 0.122413 -0
    outer loop
      vertex -2.98555 26.2059 0
      vertex -2.98555 26.2059 3.2
      vertex -2.96753 26.0598 0
    endloop
  endfacet
  facet normal 0.992479 0.122413 0
    outer loop
      vertex -2.96753 26.0598 3.2
      vertex -2.96753 26.0598 0
      vertex -2.98555 26.2059 3.2
    endloop
  endfacet
  facet normal 0.997293 0.0735241 -0
    outer loop
      vertex -2.99638 26.3528 0
      vertex -2.99638 26.3528 3.2
      vertex -2.98555 26.2059 0
    endloop
  endfacet
  facet normal 0.997293 0.0735241 0
    outer loop
      vertex -2.98555 26.2059 3.2
      vertex -2.98555 26.2059 0
      vertex -2.99638 26.3528 3.2
    endloop
  endfacet
  facet normal 0.999698 0.024585 -0
    outer loop
      vertex -3 26.5 0
      vertex -3 26.5 3.2
      vertex -2.99638 26.3528 0
    endloop
  endfacet
  facet normal 0.999698 0.024585 0
    outer loop
      vertex -2.99638 26.3528 3.2
      vertex -2.99638 26.3528 0
      vertex -3 26.5 3.2
    endloop
  endfacet
  facet normal 0.999698 -0.024585 0
    outer loop
      vertex -2.99638 26.6472 0
      vertex -2.99638 26.6472 3.2
      vertex -3 26.5 0
    endloop
  endfacet
  facet normal 0.999698 -0.024585 0
    outer loop
      vertex -3 26.5 3.2
      vertex -3 26.5 0
      vertex -2.99638 26.6472 3.2
    endloop
  endfacet
  facet normal 0.99729 -0.0735739 0
    outer loop
      vertex -2.98555 26.794 0
      vertex -2.98555 26.794 3.2
      vertex -2.99638 26.6472 0
    endloop
  endfacet
  facet normal 0.99729 -0.0735739 0
    outer loop
      vertex -2.99638 26.6472 3.2
      vertex -2.99638 26.6472 0
      vertex -2.98555 26.794 3.2
    endloop
  endfacet
  facet normal 0.992489 -0.12233 0
    outer loop
      vertex -2.96753 26.9402 0
      vertex -2.96753 26.9402 3.2
      vertex -2.98555 26.794 0
    endloop
  endfacet
  facet normal 0.992489 -0.12233 0
    outer loop
      vertex -2.98555 26.794 3.2
      vertex -2.98555 26.794 0
      vertex -2.96753 26.9402 3.2
    endloop
  endfacet
  facet normal 0.985274 -0.17098 0
    outer loop
      vertex -2.94235 27.0853 0
      vertex -2.94235 27.0853 3.2
      vertex -2.96753 26.9402 0
    endloop
  endfacet
  facet normal 0.985274 -0.17098 0
    outer loop
      vertex -2.96753 26.9402 3.2
      vertex -2.96753 26.9402 0
      vertex -2.94235 27.0853 3.2
    endloop
  endfacet
  facet normal 0.975668 -0.219254 0
    outer loop
      vertex -2.91008 27.2289 0
      vertex -2.91008 27.2289 3.2
      vertex -2.94235 27.0853 0
    endloop
  endfacet
  facet normal 0.975668 -0.219254 0
    outer loop
      vertex -2.94235 27.0853 3.2
      vertex -2.94235 27.0853 0
      vertex -2.91008 27.2289 3.2
    endloop
  endfacet
  facet normal 0.963792 -0.266656 0
    outer loop
      vertex -2.87082 27.3708 0
      vertex -2.87082 27.3708 3.2
      vertex -2.91008 27.2289 0
    endloop
  endfacet
  facet normal 0.963792 -0.266656 0
    outer loop
      vertex -2.91008 27.2289 3.2
      vertex -2.91008 27.2289 0
      vertex -2.87082 27.3708 3.2
    endloop
  endfacet
  facet normal 0.949582 -0.313518 0
    outer loop
      vertex -2.82463 27.5107 0
      vertex -2.82463 27.5107 3.2
      vertex -2.87082 27.3708 0
    endloop
  endfacet
  facet normal 0.949582 -0.313518 0
    outer loop
      vertex -2.87082 27.3708 3.2
      vertex -2.87082 27.3708 0
      vertex -2.82463 27.5107 3.2
    endloop
  endfacet
  facet normal 0.93293 -0.360058 0
    outer loop
      vertex -2.77164 27.648 0
      vertex -2.77164 27.648 3.2
      vertex -2.82463 27.5107 0
    endloop
  endfacet
  facet normal 0.93293 -0.360058 0
    outer loop
      vertex -2.82463 27.5107 3.2
      vertex -2.82463 27.5107 0
      vertex -2.77164 27.648 3.2
    endloop
  endfacet
  facet normal 0.914281 -0.40508 0
    outer loop
      vertex -2.71196 27.7827 0
      vertex -2.71196 27.7827 3.2
      vertex -2.77164 27.648 0
    endloop
  endfacet
  facet normal 0.914281 -0.40508 0
    outer loop
      vertex -2.77164 27.648 3.2
      vertex -2.77164 27.648 0
      vertex -2.71196 27.7827 3.2
    endloop
  endfacet
  facet normal 0.893174 -0.449711 0
    outer loop
      vertex -2.64575 27.9142 0
      vertex -2.64575 27.9142 3.2
      vertex -2.71196 27.7827 0
    endloop
  endfacet
  facet normal 0.893174 -0.449711 0
    outer loop
      vertex -2.71196 27.7827 3.2
      vertex -2.71196 27.7827 0
      vertex -2.64575 27.9142 3.2
    endloop
  endfacet
  facet normal 0.87008 -0.49291 0
    outer loop
      vertex -2.57318 28.0423 0
      vertex -2.57318 28.0423 3.2
      vertex -2.64575 27.9142 0
    endloop
  endfacet
  facet normal 0.87008 -0.49291 0
    outer loop
      vertex -2.64575 27.9142 3.2
      vertex -2.64575 27.9142 0
      vertex -2.57318 28.0423 3.2
    endloop
  endfacet
  facet normal 0.84484 -0.53502 0
    outer loop
      vertex -2.4944 28.1667 0
      vertex -2.4944 28.1667 3.2
      vertex -2.57318 28.0423 0
    endloop
  endfacet
  facet normal 0.84484 -0.53502 0
    outer loop
      vertex -2.57318 28.0423 3.2
      vertex -2.57318 28.0423 0
      vertex -2.4944 28.1667 3.2
    endloop
  endfacet
  facet normal 0.817634 -0.575739 0
    outer loop
      vertex -2.40962 28.2871 0
      vertex -2.40962 28.2871 3.2
      vertex -2.4944 28.1667 0
    endloop
  endfacet
  facet normal 0.817634 -0.575739 0
    outer loop
      vertex -2.4944 28.1667 3.2
      vertex -2.4944 28.1667 0
      vertex -2.40962 28.2871 3.2
    endloop
  endfacet
  facet normal 0.788397 -0.615167 0
    outer loop
      vertex -2.31903 28.4032 0
      vertex -2.31903 28.4032 3.2
      vertex -2.40962 28.2871 0
    endloop
  endfacet
  facet normal 0.788397 -0.615167 0
    outer loop
      vertex -2.40962 28.2871 3.2
      vertex -2.40962 28.2871 0
      vertex -2.31903 28.4032 3.2
    endloop
  endfacet
  facet normal 0.757177 -0.65321 0
    outer loop
      vertex -2.22284 28.5147 0
      vertex -2.22284 28.5147 3.2
      vertex -2.31903 28.4032 0
    endloop
  endfacet
  facet normal 0.757177 -0.65321 0
    outer loop
      vertex -2.31903 28.4032 3.2
      vertex -2.31903 28.4032 0
      vertex -2.22284 28.5147 3.2
    endloop
  endfacet
  facet normal 0.724117 -0.689677 0
    outer loop
      vertex -2.12131 28.6213 0
      vertex -2.12131 28.6213 3.2
      vertex -2.22284 28.5147 0
    endloop
  endfacet
  facet normal 0.724117 -0.689677 0
    outer loop
      vertex -2.22284 28.5147 3.2
      vertex -2.22284 28.5147 0
      vertex -2.12131 28.6213 3.2
    endloop
  endfacet
  facet normal 0.689401 -0.72438 0
    outer loop
      vertex -2.01466 28.7228 0
      vertex -2.01466 28.7228 3.2
      vertex -2.12131 28.6213 0
    endloop
  endfacet
  facet normal 0.689401 -0.72438 0
    outer loop
      vertex -2.12131 28.6213 3.2
      vertex -2.12131 28.6213 0
      vertex -2.01466 28.7228 3.2
    endloop
  endfacet
  facet normal 0.653282 -0.757115 0
    outer loop
      vertex -1.90317 28.819 0
      vertex -1.90317 28.819 3.2
      vertex -2.01466 28.7228 0
    endloop
  endfacet
  facet normal 0.653282 -0.757115 0
    outer loop
      vertex -2.01466 28.7228 3.2
      vertex -2.01466 28.7228 0
      vertex -1.90317 28.819 3.2
    endloop
  endfacet
  facet normal 0.615275 -0.788313 0
    outer loop
      vertex -1.78709 28.9096 0
      vertex -1.78709 28.9096 3.2
      vertex -1.90317 28.819 0
    endloop
  endfacet
  facet normal 0.615275 -0.788313 0
    outer loop
      vertex -1.90317 28.819 3.2
      vertex -1.90317 28.819 0
      vertex -1.78709 28.9096 3.2
    endloop
  endfacet
  facet normal 0.575862 -0.817547 0
    outer loop
      vertex -1.6667 28.9944 0
      vertex -1.6667 28.9944 3.2
      vertex -1.78709 28.9096 0
    endloop
  endfacet
  facet normal 0.575862 -0.817547 0
    outer loop
      vertex -1.78709 28.9096 3.2
      vertex -1.78709 28.9096 0
      vertex -1.6667 28.9944 3.2
    endloop
  endfacet
  facet normal 0.535117 -0.844778 0
    outer loop
      vertex -1.5423 29.0732 0
      vertex -1.5423 29.0732 3.2
      vertex -1.6667 28.9944 0
    endloop
  endfacet
  facet normal 0.535117 -0.844778 0
    outer loop
      vertex -1.6667 28.9944 3.2
      vertex -1.6667 28.9944 0
      vertex -1.5423 29.0732 3.2
    endloop
  endfacet
  facet normal 0.493006 -0.870026 0
    outer loop
      vertex -1.41418 29.1458 0
      vertex -1.41418 29.1458 3.2
      vertex -1.5423 29.0732 0
    endloop
  endfacet
  facet normal 0.493006 -0.870026 0
    outer loop
      vertex -1.5423 29.0732 3.2
      vertex -1.5423 29.0732 0
      vertex -1.41418 29.1458 3.2
    endloop
  endfacet
  facet normal 0.449575 -0.893242 0
    outer loop
      vertex -1.28265 29.212 0
      vertex -1.28265 29.212 3.2
      vertex -1.41418 29.1458 0
    endloop
  endfacet
  facet normal 0.449575 -0.893242 0
    outer loop
      vertex -1.41418 29.1458 3.2
      vertex -1.41418 29.1458 0
      vertex -1.28265 29.212 3.2
    endloop
  endfacet
  facet normal 0.404852 -0.914382 0
    outer loop
      vertex -1.14804 29.2716 0
      vertex -1.14804 29.2716 3.2
      vertex -1.28265 29.212 0
    endloop
  endfacet
  facet normal 0.404852 -0.914382 0
    outer loop
      vertex -1.28265 29.212 3.2
      vertex -1.28265 29.212 0
      vertex -1.14804 29.2716 3.2
    endloop
  endfacet
  facet normal 0.359957 -0.932969 0
    outer loop
      vertex -1.01067 29.3246 0
      vertex -1.01067 29.3246 3.2
      vertex -1.14804 29.2716 0
    endloop
  endfacet
  facet normal 0.359957 -0.932969 0
    outer loop
      vertex -1.14804 29.2716 3.2
      vertex -1.14804 29.2716 0
      vertex -1.01067 29.3246 3.2
    endloop
  endfacet
  facet normal 0.313741 -0.949509 0
    outer loop
      vertex -0.87085 29.3708 0
      vertex -0.87085 29.3708 3.2
      vertex -1.01067 29.3246 0
    endloop
  endfacet
  facet normal 0.313741 -0.949509 0
    outer loop
      vertex -1.01067 29.3246 3.2
      vertex -1.01067 29.3246 0
      vertex -0.87085 29.3708 3.2
    endloop
  endfacet
  facet normal 0.26687 -0.963733 0
    outer loop
      vertex -0.728928 29.4101 0
      vertex -0.728928 29.4101 3.2
      vertex -0.87085 29.3708 0
    endloop
  endfacet
  facet normal 0.26687 -0.963733 0
    outer loop
      vertex -0.87085 29.3708 3.2
      vertex -0.87085 29.3708 0
      vertex -0.728928 29.4101 3.2
    endloop
  endfacet
  facet normal 0.219357 -0.975645 0
    outer loop
      vertex -0.585266 29.4424 0
      vertex -0.585266 29.4424 3.2
      vertex -0.728928 29.4101 0
    endloop
  endfacet
  facet normal 0.219357 -0.975645 0
    outer loop
      vertex -0.728928 29.4101 3.2
      vertex -0.728928 29.4101 0
      vertex -0.585266 29.4424 3.2
    endloop
  endfacet
  facet normal 0.170475 -0.985362 0
    outer loop
      vertex -0.440186 29.4675 0
      vertex -0.440186 29.4675 3.2
      vertex -0.585266 29.4424 0
    endloop
  endfacet
  facet normal 0.170475 -0.985362 0
    outer loop
      vertex -0.585266 29.4424 3.2
      vertex -0.585266 29.4424 0
      vertex -0.440186 29.4675 3.2
    endloop
  endfacet
  facet normal 0.122238 -0.992501 0
    outer loop
      vertex -0.294037 29.4855 0
      vertex -0.294037 29.4855 3.2
      vertex -0.440186 29.4675 0
    endloop
  endfacet
  facet normal 0.122238 -0.992501 0
    outer loop
      vertex -0.440186 29.4675 3.2
      vertex -0.440186 29.4675 0
      vertex -0.294037 29.4855 3.2
    endloop
  endfacet
  facet normal 0.0740293 -0.997256 0
    outer loop
      vertex -0.147202 29.4964 0
      vertex -0.147202 29.4964 3.2
      vertex -0.294037 29.4855 0
    endloop
  endfacet
  facet normal 0.0740293 -0.997256 0
    outer loop
      vertex -0.294037 29.4855 3.2
      vertex -0.294037 29.4855 0
      vertex -0.147202 29.4964 3.2
    endloop
  endfacet
  facet normal 0.0244489 -0.999701 0
    outer loop
      vertex 0 29.5 0
      vertex 0 29.5 3.2
      vertex -0.147202 29.4964 0
    endloop
  endfacet
  facet normal 0.0244489 -0.999701 0
    outer loop
      vertex -0.147202 29.4964 3.2
      vertex -0.147202 29.4964 0
      vertex 0 29.5 3.2
    endloop
  endfacet
  facet normal -0.0244489 -0.999701 0
    outer loop
      vertex 0.147202 29.4964 0
      vertex 0.147202 29.4964 3.2
      vertex 0 29.5 0
    endloop
  endfacet
  facet normal -0.0244489 -0.999701 -0
    outer loop
      vertex 0 29.5 3.2
      vertex 0 29.5 0
      vertex 0.147202 29.4964 3.2
    endloop
  endfacet
  facet normal -0.0740293 -0.997256 0
    outer loop
      vertex 0.294037 29.4855 0
      vertex 0.294037 29.4855 3.2
      vertex 0.147202 29.4964 0
    endloop
  endfacet
  facet normal -0.0740293 -0.997256 -0
    outer loop
      vertex 0.147202 29.4964 3.2
      vertex 0.147202 29.4964 0
      vertex 0.294037 29.4855 3.2
    endloop
  endfacet
  facet normal -0.122238 -0.992501 0
    outer loop
      vertex 0.440186 29.4675 0
      vertex 0.440186 29.4675 3.2
      vertex 0.294037 29.4855 0
    endloop
  endfacet
  facet normal -0.122238 -0.992501 -0
    outer loop
      vertex 0.294037 29.4855 3.2
      vertex 0.294037 29.4855 0
      vertex 0.440186 29.4675 3.2
    endloop
  endfacet
  facet normal -0.170475 -0.985362 0
    outer loop
      vertex 0.585266 29.4424 0
      vertex 0.585266 29.4424 3.2
      vertex 0.440186 29.4675 0
    endloop
  endfacet
  facet normal -0.170475 -0.985362 -0
    outer loop
      vertex 0.440186 29.4675 3.2
      vertex 0.440186 29.4675 0
      vertex 0.585266 29.4424 3.2
    endloop
  endfacet
  facet normal -0.219357 -0.975645 0
    outer loop
      vertex 0.728928 29.4101 0
      vertex 0.728928 29.4101 3.2
      vertex 0.585266 29.4424 0
    endloop
  endfacet
  facet normal -0.219357 -0.975645 -0
    outer loop
      vertex 0.585266 29.4424 3.2
      vertex 0.585266 29.4424 0
      vertex 0.728928 29.4101 3.2
    endloop
  endfacet
  facet normal -0.26687 -0.963733 0
    outer loop
      vertex 0.87085 29.3708 0
      vertex 0.87085 29.3708 3.2
      vertex 0.728928 29.4101 0
    endloop
  endfacet
  facet normal -0.26687 -0.963733 -0
    outer loop
      vertex 0.728928 29.4101 3.2
      vertex 0.728928 29.4101 0
      vertex 0.87085 29.3708 3.2
    endloop
  endfacet
  facet normal -0.313741 -0.949509 0
    outer loop
      vertex 1.01067 29.3246 0
      vertex 1.01067 29.3246 3.2
      vertex 0.87085 29.3708 0
    endloop
  endfacet
  facet normal -0.313741 -0.949509 -0
    outer loop
      vertex 0.87085 29.3708 3.2
      vertex 0.87085 29.3708 0
      vertex 1.01067 29.3246 3.2
    endloop
  endfacet
  facet normal -0.359957 -0.932969 0
    outer loop
      vertex 1.14804 29.2716 0
      vertex 1.14804 29.2716 3.2
      vertex 1.01067 29.3246 0
    endloop
  endfacet
  facet normal -0.359957 -0.932969 -0
    outer loop
      vertex 1.01067 29.3246 3.2
      vertex 1.01067 29.3246 0
      vertex 1.14804 29.2716 3.2
    endloop
  endfacet
  facet normal -0.404852 -0.914382 0
    outer loop
      vertex 1.28265 29.212 0
      vertex 1.28265 29.212 3.2
      vertex 1.14804 29.2716 0
    endloop
  endfacet
  facet normal -0.404852 -0.914382 -0
    outer loop
      vertex 1.14804 29.2716 3.2
      vertex 1.14804 29.2716 0
      vertex 1.28265 29.212 3.2
    endloop
  endfacet
  facet normal -0.449575 -0.893242 0
    outer loop
      vertex 1.41418 29.1458 0
      vertex 1.41418 29.1458 3.2
      vertex 1.28265 29.212 0
    endloop
  endfacet
  facet normal -0.449575 -0.893242 -0
    outer loop
      vertex 1.28265 29.212 3.2
      vertex 1.28265 29.212 0
      vertex 1.41418 29.1458 3.2
    endloop
  endfacet
  facet normal -0.493006 -0.870026 0
    outer loop
      vertex 1.5423 29.0732 0
      vertex 1.5423 29.0732 3.2
      vertex 1.41418 29.1458 0
    endloop
  endfacet
  facet normal -0.493006 -0.870026 -0
    outer loop
      vertex 1.41418 29.1458 3.2
      vertex 1.41418 29.1458 0
      vertex 1.5423 29.0732 3.2
    endloop
  endfacet
  facet normal -0.535117 -0.844778 0
    outer loop
      vertex 1.6667 28.9944 0
      vertex 1.6667 28.9944 3.2
      vertex 1.5423 29.0732 0
    endloop
  endfacet
  facet normal -0.535117 -0.844778 -0
    outer loop
      vertex 1.5423 29.0732 3.2
      vertex 1.5423 29.0732 0
      vertex 1.6667 28.9944 3.2
    endloop
  endfacet
  facet normal -0.575862 -0.817547 0
    outer loop
      vertex 1.78709 28.9096 0
      vertex 1.78709 28.9096 3.2
      vertex 1.6667 28.9944 0
    endloop
  endfacet
  facet normal -0.575862 -0.817547 -0
    outer loop
      vertex 1.6667 28.9944 3.2
      vertex 1.6667 28.9944 0
      vertex 1.78709 28.9096 3.2
    endloop
  endfacet
  facet normal -0.615275 -0.788313 0
    outer loop
      vertex 1.90317 28.819 0
      vertex 1.90317 28.819 3.2
      vertex 1.78709 28.9096 0
    endloop
  endfacet
  facet normal -0.615275 -0.788313 -0
    outer loop
      vertex 1.78709 28.9096 3.2
      vertex 1.78709 28.9096 0
      vertex 1.90317 28.819 3.2
    endloop
  endfacet
  facet normal -0.653282 -0.757115 0
    outer loop
      vertex 2.01466 28.7228 0
      vertex 2.01466 28.7228 3.2
      vertex 1.90317 28.819 0
    endloop
  endfacet
  facet normal -0.653282 -0.757115 -0
    outer loop
      vertex 1.90317 28.819 3.2
      vertex 1.90317 28.819 0
      vertex 2.01466 28.7228 3.2
    endloop
  endfacet
  facet normal -0.689401 -0.72438 0
    outer loop
      vertex 2.12131 28.6213 0
      vertex 2.12131 28.6213 3.2
      vertex 2.01466 28.7228 0
    endloop
  endfacet
  facet normal -0.689401 -0.72438 -0
    outer loop
      vertex 2.01466 28.7228 3.2
      vertex 2.01466 28.7228 0
      vertex 2.12131 28.6213 3.2
    endloop
  endfacet
  facet normal -0.724117 -0.689677 0
    outer loop
      vertex 2.22284 28.5147 0
      vertex 2.22284 28.5147 3.2
      vertex 2.12131 28.6213 0
    endloop
  endfacet
  facet normal -0.724117 -0.689677 -0
    outer loop
      vertex 2.12131 28.6213 3.2
      vertex 2.12131 28.6213 0
      vertex 2.22284 28.5147 3.2
    endloop
  endfacet
  facet normal -0.757177 -0.65321 0
    outer loop
      vertex 2.31903 28.4032 0
      vertex 2.31903 28.4032 3.2
      vertex 2.22284 28.5147 0
    endloop
  endfacet
  facet normal -0.757177 -0.65321 -0
    outer loop
      vertex 2.22284 28.5147 3.2
      vertex 2.22284 28.5147 0
      vertex 2.31903 28.4032 3.2
    endloop
  endfacet
  facet normal -0.788397 -0.615167 0
    outer loop
      vertex 2.40962 28.2871 0
      vertex 2.40962 28.2871 3.2
      vertex 2.31903 28.4032 0
    endloop
  endfacet
  facet normal -0.788397 -0.615167 -0
    outer loop
      vertex 2.31903 28.4032 3.2
      vertex 2.31903 28.4032 0
      vertex 2.40962 28.2871 3.2
    endloop
  endfacet
  facet normal -0.817634 -0.575739 0
    outer loop
      vertex 2.4944 28.1667 0
      vertex 2.4944 28.1667 3.2
      vertex 2.40962 28.2871 0
    endloop
  endfacet
  facet normal -0.817634 -0.575739 -0
    outer loop
      vertex 2.40962 28.2871 3.2
      vertex 2.40962 28.2871 0
      vertex 2.4944 28.1667 3.2
    endloop
  endfacet
  facet normal -0.84484 -0.53502 0
    outer loop
      vertex 2.57318 28.0423 0
      vertex 2.57318 28.0423 3.2
      vertex 2.4944 28.1667 0
    endloop
  endfacet
  facet normal -0.84484 -0.53502 -0
    outer loop
      vertex 2.4944 28.1667 3.2
      vertex 2.4944 28.1667 0
      vertex 2.57318 28.0423 3.2
    endloop
  endfacet
  facet normal -0.87008 -0.49291 0
    outer loop
      vertex 2.64575 27.9142 0
      vertex 2.64575 27.9142 3.2
      vertex 2.57318 28.0423 0
    endloop
  endfacet
  facet normal -0.87008 -0.49291 -0
    outer loop
      vertex 2.57318 28.0423 3.2
      vertex 2.57318 28.0423 0
      vertex 2.64575 27.9142 3.2
    endloop
  endfacet
  facet normal -0.893174 -0.449711 0
    outer loop
      vertex 2.71196 27.7827 0
      vertex 2.71196 27.7827 3.2
      vertex 2.64575 27.9142 0
    endloop
  endfacet
  facet normal -0.893174 -0.449711 -0
    outer loop
      vertex 2.64575 27.9142 3.2
      vertex 2.64575 27.9142 0
      vertex 2.71196 27.7827 3.2
    endloop
  endfacet
  facet normal -0.914281 -0.40508 0
    outer loop
      vertex 2.77164 27.648 0
      vertex 2.77164 27.648 3.2
      vertex 2.71196 27.7827 0
    endloop
  endfacet
  facet normal -0.914281 -0.40508 -0
    outer loop
      vertex 2.71196 27.7827 3.2
      vertex 2.71196 27.7827 0
      vertex 2.77164 27.648 3.2
    endloop
  endfacet
  facet normal -0.93293 -0.360058 0
    outer loop
      vertex 2.82463 27.5107 0
      vertex 2.82463 27.5107 3.2
      vertex 2.77164 27.648 0
    endloop
  endfacet
  facet normal -0.93293 -0.360058 -0
    outer loop
      vertex 2.77164 27.648 3.2
      vertex 2.77164 27.648 0
      vertex 2.82463 27.5107 3.2
    endloop
  endfacet
  facet normal -0.949582 -0.313518 0
    outer loop
      vertex 2.87082 27.3708 0
      vertex 2.87082 27.3708 3.2
      vertex 2.82463 27.5107 0
    endloop
  endfacet
  facet normal -0.949582 -0.313518 -0
    outer loop
      vertex 2.82463 27.5107 3.2
      vertex 2.82463 27.5107 0
      vertex 2.87082 27.3708 3.2
    endloop
  endfacet
  facet normal -0.963792 -0.266656 0
    outer loop
      vertex 2.91008 27.2289 0
      vertex 2.91008 27.2289 3.2
      vertex 2.87082 27.3708 0
    endloop
  endfacet
  facet normal -0.963792 -0.266656 -0
    outer loop
      vertex 2.87082 27.3708 3.2
      vertex 2.87082 27.3708 0
      vertex 2.91008 27.2289 3.2
    endloop
  endfacet
  facet normal -0.975668 -0.219254 0
    outer loop
      vertex 2.94235 27.0853 0
      vertex 2.94235 27.0853 3.2
      vertex 2.91008 27.2289 0
    endloop
  endfacet
  facet normal -0.975668 -0.219254 -0
    outer loop
      vertex 2.91008 27.2289 3.2
      vertex 2.91008 27.2289 0
      vertex 2.94235 27.0853 3.2
    endloop
  endfacet
  facet normal -0.985274 -0.17098 0
    outer loop
      vertex 2.96753 26.9402 0
      vertex 2.96753 26.9402 3.2
      vertex 2.94235 27.0853 0
    endloop
  endfacet
  facet normal -0.985274 -0.17098 -0
    outer loop
      vertex 2.94235 27.0853 3.2
      vertex 2.94235 27.0853 0
      vertex 2.96753 26.9402 3.2
    endloop
  endfacet
  facet normal -0.992489 -0.12233 0
    outer loop
      vertex 2.98555 26.794 0
      vertex 2.98555 26.794 3.2
      vertex 2.96753 26.9402 0
    endloop
  endfacet
  facet normal -0.992489 -0.12233 -0
    outer loop
      vertex 2.96753 26.9402 3.2
      vertex 2.96753 26.9402 0
      vertex 2.98555 26.794 3.2
    endloop
  endfacet
  facet normal -0.99729 -0.0735739 0
    outer loop
      vertex 2.99638 26.6472 0
      vertex 2.99638 26.6472 3.2
      vertex 2.98555 26.794 0
    endloop
  endfacet
  facet normal -0.99729 -0.0735739 -0
    outer loop
      vertex 2.98555 26.794 3.2
      vertex 2.98555 26.794 0
      vertex 2.99638 26.6472 3.2
    endloop
  endfacet
  facet normal -0.999698 -0.024585 0
    outer loop
      vertex 3 26.5 0
      vertex 3 26.5 3.2
      vertex 2.99638 26.6472 0
    endloop
  endfacet
  facet normal -0.999698 -0.024585 -0
    outer loop
      vertex 2.99638 26.6472 3.2
      vertex 2.99638 26.6472 0
      vertex 3 26.5 3.2
    endloop
  endfacet
  facet normal -0.999698 0.024585 0
    outer loop
      vertex 2.99638 26.3528 0
      vertex 2.99638 26.3528 3.2
      vertex 3 26.5 0
    endloop
  endfacet
  facet normal -0.999698 0.024585 0
    outer loop
      vertex 3 26.5 3.2
      vertex 3 26.5 0
      vertex 2.99638 26.3528 3.2
    endloop
  endfacet
  facet normal -0.997293 0.0735241 0
    outer loop
      vertex 2.98555 26.2059 0
      vertex 2.98555 26.2059 3.2
      vertex 2.99638 26.3528 0
    endloop
  endfacet
  facet normal -0.997293 0.0735241 0
    outer loop
      vertex 2.99638 26.3528 3.2
      vertex 2.99638 26.3528 0
      vertex 2.98555 26.2059 3.2
    endloop
  endfacet
  facet normal -0.992479 0.122413 0
    outer loop
      vertex 2.96753 26.0598 0
      vertex 2.96753 26.0598 3.2
      vertex 2.98555 26.2059 0
    endloop
  endfacet
  facet normal -0.992479 0.122413 0
    outer loop
      vertex 2.98555 26.2059 3.2
      vertex 2.98555 26.2059 0
      vertex 2.96753 26.0598 3.2
    endloop
  endfacet
  facet normal -0.985274 0.17098 0
    outer loop
      vertex 2.94235 25.9147 0
      vertex 2.94235 25.9147 3.2
      vertex 2.96753 26.0598 0
    endloop
  endfacet
  facet normal -0.985274 0.17098 0
    outer loop
      vertex 2.96753 26.0598 3.2
      vertex 2.96753 26.0598 0
      vertex 2.94235 25.9147 3.2
    endloop
  endfacet
  facet normal -0.975668 0.219254 0
    outer loop
      vertex 2.91008 25.7711 0
      vertex 2.91008 25.7711 3.2
      vertex 2.94235 25.9147 0
    endloop
  endfacet
  facet normal -0.975668 0.219254 0
    outer loop
      vertex 2.94235 25.9147 3.2
      vertex 2.94235 25.9147 0
      vertex 2.91008 25.7711 3.2
    endloop
  endfacet
  facet normal -0.96384 0.266481 0
    outer loop
      vertex 2.87082 25.6291 0
      vertex 2.87082 25.6291 3.2
      vertex 2.91008 25.7711 0
    endloop
  endfacet
  facet normal -0.96384 0.266481 0
    outer loop
      vertex 2.91008 25.7711 3.2
      vertex 2.91008 25.7711 0
      vertex 2.87082 25.6291 3.2
    endloop
  endfacet
  facet normal -0.949515 0.31372 0
    outer loop
      vertex 2.82463 25.4893 0
      vertex 2.82463 25.4893 3.2
      vertex 2.87082 25.6291 0
    endloop
  endfacet
  facet normal -0.949515 0.31372 0
    outer loop
      vertex 2.87082 25.6291 3.2
      vertex 2.87082 25.6291 0
      vertex 2.82463 25.4893 3.2
    endloop
  endfacet
  facet normal -0.933018 0.35983 0
    outer loop
      vertex 2.77164 25.3519 0
      vertex 2.77164 25.3519 3.2
      vertex 2.82463 25.4893 0
    endloop
  endfacet
  facet normal -0.933018 0.35983 0
    outer loop
      vertex 2.82463 25.4893 3.2
      vertex 2.82463 25.4893 0
      vertex 2.77164 25.3519 3.2
    endloop
  endfacet
  facet normal -0.91417 0.405332 0
    outer loop
      vertex 2.71196 25.2173 0
      vertex 2.71196 25.2173 3.2
      vertex 2.77164 25.3519 0
    endloop
  endfacet
  facet normal -0.91417 0.405332 0
    outer loop
      vertex 2.77164 25.3519 3.2
      vertex 2.77164 25.3519 0
      vertex 2.71196 25.2173 3.2
    endloop
  endfacet
  facet normal -0.893174 0.449711 0
    outer loop
      vertex 2.64575 25.0858 0
      vertex 2.64575 25.0858 3.2
      vertex 2.71196 25.2173 0
    endloop
  endfacet
  facet normal -0.893174 0.449711 0
    outer loop
      vertex 2.71196 25.2173 3.2
      vertex 2.71196 25.2173 0
      vertex 2.64575 25.0858 3.2
    endloop
  endfacet
  facet normal -0.87008 0.49291 0
    outer loop
      vertex 2.57318 24.9577 0
      vertex 2.57318 24.9577 3.2
      vertex 2.64575 25.0858 0
    endloop
  endfacet
  facet normal -0.87008 0.49291 0
    outer loop
      vertex 2.64575 25.0858 3.2
      vertex 2.64575 25.0858 0
      vertex 2.57318 24.9577 3.2
    endloop
  endfacet
  facet normal -0.84484 0.53502 0
    outer loop
      vertex 2.4944 24.8333 0
      vertex 2.4944 24.8333 3.2
      vertex 2.57318 24.9577 0
    endloop
  endfacet
  facet normal -0.84484 0.53502 0
    outer loop
      vertex 2.57318 24.9577 3.2
      vertex 2.57318 24.9577 0
      vertex 2.4944 24.8333 3.2
    endloop
  endfacet
  facet normal -0.817634 0.575739 0
    outer loop
      vertex 2.40962 24.7129 0
      vertex 2.40962 24.7129 3.2
      vertex 2.4944 24.8333 0
    endloop
  endfacet
  facet normal -0.817634 0.575739 0
    outer loop
      vertex 2.4944 24.8333 3.2
      vertex 2.4944 24.8333 0
      vertex 2.40962 24.7129 3.2
    endloop
  endfacet
  facet normal -0.788397 0.615167 0
    outer loop
      vertex 2.31903 24.5968 0
      vertex 2.31903 24.5968 3.2
      vertex 2.40962 24.7129 0
    endloop
  endfacet
  facet normal -0.788397 0.615167 0
    outer loop
      vertex 2.40962 24.7129 3.2
      vertex 2.40962 24.7129 0
      vertex 2.31903 24.5968 3.2
    endloop
  endfacet
  facet normal -0.757177 0.65321 0
    outer loop
      vertex 2.22284 24.4853 0
      vertex 2.22284 24.4853 3.2
      vertex 2.31903 24.5968 0
    endloop
  endfacet
  facet normal -0.757177 0.65321 0
    outer loop
      vertex 2.31903 24.5968 3.2
      vertex 2.31903 24.5968 0
      vertex 2.22284 24.4853 3.2
    endloop
  endfacet
  facet normal -0.724117 0.689677 0
    outer loop
      vertex 2.12131 24.3787 0
      vertex 2.12131 24.3787 3.2
      vertex 2.22284 24.4853 0
    endloop
  endfacet
  facet normal -0.724117 0.689677 0
    outer loop
      vertex 2.22284 24.4853 3.2
      vertex 2.22284 24.4853 0
      vertex 2.12131 24.3787 3.2
    endloop
  endfacet
  facet normal -0.689757 0.724041 0
    outer loop
      vertex 2.01466 24.2771 0
      vertex 2.01466 24.2771 3.2
      vertex 2.12131 24.3787 0
    endloop
  endfacet
  facet normal -0.689757 0.724041 0
    outer loop
      vertex 2.12131 24.3787 3.2
      vertex 2.12131 24.3787 0
      vertex 2.01466 24.2771 3.2
    endloop
  endfacet
  facet normal -0.652893 0.757451 0
    outer loop
      vertex 1.90317 24.181 0
      vertex 1.90317 24.181 3.2
      vertex 2.01466 24.2771 0
    endloop
  endfacet
  facet normal -0.652893 0.757451 0
    outer loop
      vertex 2.01466 24.2771 3.2
      vertex 2.01466 24.2771 0
      vertex 1.90317 24.181 3.2
    endloop
  endfacet
  facet normal -0.615275 0.788313 0
    outer loop
      vertex 1.78709 24.0904 0
      vertex 1.78709 24.0904 3.2
      vertex 1.90317 24.181 0
    endloop
  endfacet
  facet normal -0.615275 0.788313 0
    outer loop
      vertex 1.90317 24.181 3.2
      vertex 1.90317 24.181 0
      vertex 1.78709 24.0904 3.2
    endloop
  endfacet
  facet normal -0.575862 0.817547 0
    outer loop
      vertex 1.6667 24.0056 0
      vertex 1.6667 24.0056 3.2
      vertex 1.78709 24.0904 0
    endloop
  endfacet
  facet normal -0.575862 0.817547 0
    outer loop
      vertex 1.78709 24.0904 3.2
      vertex 1.78709 24.0904 0
      vertex 1.6667 24.0056 3.2
    endloop
  endfacet
  facet normal -0.535117 0.844778 0
    outer loop
      vertex 1.5423 23.9268 0
      vertex 1.5423 23.9268 3.2
      vertex 1.6667 24.0056 0
    endloop
  endfacet
  facet normal -0.535117 0.844778 0
    outer loop
      vertex 1.6667 24.0056 3.2
      vertex 1.6667 24.0056 0
      vertex 1.5423 23.9268 3.2
    endloop
  endfacet
  facet normal -0.493006 0.870026 0
    outer loop
      vertex 1.41418 23.8542 0
      vertex 1.41418 23.8542 3.2
      vertex 1.5423 23.9268 0
    endloop
  endfacet
  facet normal -0.493006 0.870026 0
    outer loop
      vertex 1.5423 23.9268 3.2
      vertex 1.5423 23.9268 0
      vertex 1.41418 23.8542 3.2
    endloop
  endfacet
  facet normal -0.449575 0.893242 0
    outer loop
      vertex 1.28265 23.788 0
      vertex 1.28265 23.788 3.2
      vertex 1.41418 23.8542 0
    endloop
  endfacet
  facet normal -0.449575 0.893242 0
    outer loop
      vertex 1.41418 23.8542 3.2
      vertex 1.41418 23.8542 0
      vertex 1.28265 23.788 3.2
    endloop
  endfacet
  facet normal -0.40542 0.914131 0
    outer loop
      vertex 1.14804 23.7283 0
      vertex 1.14804 23.7283 3.2
      vertex 1.28265 23.788 0
    endloop
  endfacet
  facet normal -0.40542 0.914131 0
    outer loop
      vertex 1.28265 23.788 3.2
      vertex 1.28265 23.788 0
      vertex 1.14804 23.7283 3.2
    endloop
  endfacet
  facet normal -0.359366 0.933197 0
    outer loop
      vertex 1.01067 23.6754 0
      vertex 1.01067 23.6754 3.2
      vertex 1.14804 23.7283 0
    endloop
  endfacet
  facet normal -0.359366 0.933197 0
    outer loop
      vertex 1.14804 23.7283 3.2
      vertex 1.14804 23.7283 0
      vertex 1.01067 23.6754 3.2
    endloop
  endfacet
  facet normal -0.313741 0.949509 0
    outer loop
      vertex 0.87085 23.6292 0
      vertex 0.87085 23.6292 3.2
      vertex 1.01067 23.6754 0
    endloop
  endfacet
  facet normal -0.313741 0.949509 0
    outer loop
      vertex 1.01067 23.6754 3.2
      vertex 1.01067 23.6754 0
      vertex 0.87085 23.6292 3.2
    endloop
  endfacet
  facet normal -0.26687 0.963733 0
    outer loop
      vertex 0.728928 23.5899 0
      vertex 0.728928 23.5899 3.2
      vertex 0.87085 23.6292 0
    endloop
  endfacet
  facet normal -0.26687 0.963733 0
    outer loop
      vertex 0.87085 23.6292 3.2
      vertex 0.87085 23.6292 0
      vertex 0.728928 23.5899 3.2
    endloop
  endfacet
  facet normal -0.219357 0.975645 0
    outer loop
      vertex 0.585266 23.5576 0
      vertex 0.585266 23.5576 3.2
      vertex 0.728928 23.5899 0
    endloop
  endfacet
  facet normal -0.219357 0.975645 0
    outer loop
      vertex 0.728928 23.5899 3.2
      vertex 0.728928 23.5899 0
      vertex 0.585266 23.5576 3.2
    endloop
  endfacet
  facet normal -0.170475 0.985362 0
    outer loop
      vertex 0.440186 23.5325 0
      vertex 0.440186 23.5325 3.2
      vertex 0.585266 23.5576 0
    endloop
  endfacet
  facet normal -0.170475 0.985362 0
    outer loop
      vertex 0.585266 23.5576 3.2
      vertex 0.585266 23.5576 0
      vertex 0.440186 23.5325 3.2
    endloop
  endfacet
  facet normal -0.122907 0.992418 0
    outer loop
      vertex 0.294037 23.5144 0
      vertex 0.294037 23.5144 3.2
      vertex 0.440186 23.5325 0
    endloop
  endfacet
  facet normal -0.122907 0.992418 0
    outer loop
      vertex 0.440186 23.5325 3.2
      vertex 0.440186 23.5325 0
      vertex 0.294037 23.5144 3.2
    endloop
  endfacet
  facet normal -0.0733538 0.997306 0
    outer loop
      vertex 0.147202 23.5036 0
      vertex 0.147202 23.5036 3.2
      vertex 0.294037 23.5144 0
    endloop
  endfacet
  facet normal -0.0733538 0.997306 0
    outer loop
      vertex 0.294037 23.5144 3.2
      vertex 0.294037 23.5144 0
      vertex 0.147202 23.5036 3.2
    endloop
  endfacet
  facet normal -0.0244489 0.999701 0
    outer loop
      vertex 0 23.5 0
      vertex 0 23.5 3.2
      vertex 0.147202 23.5036 0
    endloop
  endfacet
  facet normal -0.0244489 0.999701 0
    outer loop
      vertex 0.147202 23.5036 3.2
      vertex 0.147202 23.5036 0
      vertex 0 23.5 3.2
    endloop
  endfacet
  facet normal 0.0244489 0.999701 -0
    outer loop
      vertex -0.147202 23.5036 0
      vertex -0.147202 23.5036 3.2
      vertex 0 23.5 0
    endloop
  endfacet
  facet normal 0.0244489 0.999701 0
    outer loop
      vertex 0 23.5 3.2
      vertex 0 23.5 0
      vertex -0.147202 23.5036 3.2
    endloop
  endfacet
endsolid OpenSCAD_Model
